Workbook

Sheet var
A1: no | B1: user_id | C1: name | D1: dep | I1: no | J1: no_perjanjian | K1: nopol | L1: nama_nasabah | M1: nopol | N1: coll | O1: pic | P1: kategori | Q1: jto | R1: no_rangka | S1: no_mesin | T1: merk | U1: type | V1: warna | W1: status | X1: actual_penyelesaian | Y1: angsuran_ke | Z1: tenor
A2: 1 | B2: 03ad1f6b-7a85-463b-ab53-e8f3deee2ad5 | C2: Ray Steven Hutabarat | D2: COLL | E2: 03ad1f6b-7a85-463b-ab53-e8f3deee2ad5 | I2: 6056 | J2: DATA LUAR 9071 | K2: BP2511AJ | L2: DEDY SETIAWAN | M2: BP BP25 11A | S2: JM11E2170408 | T2: BEAT CBS ISS | U2: BEAT CBS ISS | V2: MERAH HITAM | W2: JP GADAI | X2: TIDAK DIKETAHUI
A3: 2 | B3: 0787ea2f-240f-4392-bead-e10cba282613 | C3: Rizkiii | D3: COLL | E3: 0787ea2f-240f-4392-bead-e10cba282613 | I3: 6057 | J3: DATA LUAR 9072 | K3: BP3381RJ | L3: RAFAEL GIAWA | M3: BP BP33 81R | S3: JM02E1691516 | T3: SCOOPY PGM FI | U3: SCOOPY PGM FI | V3: MERAH | W3: JP GADAI | X3: TIDAK DIKETAHUI
A4: 3 | B4: 1221336c-e009-42e3-be62-cbcd8f4b6108 | C4: Josri sijabat | D4: COLL | E4: 1221336c-e009-42e3-be62-cbcd8f4b6108 | I4: 6058 | J4: DATA LUAR 9073 | K4: BP2413PU | L4: GEOVANI MARBUN | M4: BP BP24 13P | S4: JM81E2606073 | T4: BEAT CBS | U4: BEAT CBS | V4: MERAH-HITAM | W4: JP GADAI | X4: TIDAK DIKETAHUI
A5: 4 | B5: 1544d06d-d3ae-4f27-a81b-96b8341d1255 | C5: Muhamad yusfik | D5: ALL | E5: 1544d06d-d3ae-4f27-a81b-96b8341d1255 | I5: 6059 | J5: DATA LUAR 9074 | K5: BP3092HF | L5: RIAN HIDAYATULLAH | M5: BP BP30 92H | S5: JM21E1853635 | T5: BEAT CBS | U5: BEAT CBS | V5: HITAM | W5: JP GADAI | X5: TIDAK DIKETAHUI
A6: 5 | B6: 1770dac3-81ca-4fab-8a6a-e60c63470def | C6: M Arkha Raditya Wuekero | D6: COLL | E6: 1770dac3-81ca-4fab-8a6a-e60c63470def | I6: 6060 | J6: DATA LUAR 9075 | K6: BP2885IA | L6: FARDUAN FAUZI | M6: BP BP28 85I | S6: JFZ1E1945198 | T6: BEAT CBS | U6: BEAT CBS | V6: HITAM | W6: JP GADAI | X6: TIDAK DIKETAHUI
A7: 6 | B7: 1cdd9278-f5fc-47ec-adf2-de5f869fef9b | C7: Refan | D7: COLL | E7: 1cdd9278-f5fc-47ec-adf2-de5f869fef9b | I7: 6061 | J7: DATA LUAR 9076 | K7: BP3583UI | L7: AMSELMUS NIARANG | M7: BP BP35 83U | S7: JM81E1764845 | T7: BEAT CBS | U7: BEAT CBS | V7: HITAM | W7: JP GADAI | X7: TIDAK DIKETAHUI
A8: 7 | B8: 1e3f8b18-4709-402b-864e-d3700b5c6a58 | C8: Alwan simbolon | D8: COLL | E8: 1e3f8b18-4709-402b-864e-d3700b5c6a58 | I8: 6062 | J8: DATA LUAR 9077 | K8: BP3214UM | L8: MILLENY AFRILIA PRAMITA | M8: BP BP32 14U | S8: JM81E1251726 | T8: BEAT CBS | U8: BEAT CBS | V8: PUTIH | W8: JP GADAI | X8: TIDAK DIKETAHUI
A9: 8 | B9: 306820e2-08cc-4078-ae54-edf70712dc0f | C9: Wilfrin samosir | D9: COLL | E9: 306820e2-08cc-4078-ae54-edf70712dc0f
A10: 9 | B10: 1e9acb24-9056-40a0-9e92-a3976369bb8b | C10: Bintang Cristian H Siahaan | D10: COLL | E10: 1e9acb24-9056-40a0-9e92-a3976369bb8b | I10: 6063 | J10: DATA LUAR 9078 | K10: BP2918QQ | L10: MAULANA RABIANSYAH | M10: BP BP29 18Q | S10: JFZ2E1030959 | T10: BEAT STREET | U10: BEAT STREET | V10: HITAM | W10: JP GADAI | X10: TIDAK DIKETAHUI
A11: 10 | B11: 240e927b-449f-4469-8c98-e687f0b41cf8 | C11: Rintoeriksonsiburian | D11: COLL | E11: 240e927b-449f-4469-8c98-e687f0b41cf8 | I11: 6064 | J11: DATA LUAR 9079 | K11: BP6433GI | L11: YESRIZON | M11: BP BP64 33G | S11: G427ID386412 | T11: SATRIA FU | U11: SATRIA FU | V11: MERAH HITAM | W11: JP GADAI | X11: TIDAK DIKETAHUI
A12: 11 | B12: 26682316-51f3-44c6-a724-9e9af4c97827 | C12: RIZKI FERDIAN | D12: COLL | E12: 26682316-51f3-44c6-a724-9e9af4c97827 | I12: 6065 | J12: DATA LUAR 9080 | K12: BP2901AH | L12: ROMI DELHAN | M12: BP BP29 01A | S12: JFZ1E3081946 | T12: BEAT CW PGM FI | U12: BEAT CW PGM FI | V12: PUTIH | W12: JP GADAI | X12: TIDAK DIKETAHUI
A13: 12 | B13: 2d5835da-ef4a-416f-a799-2636cdfa60ca | C13: Martin Tri Putra s | D13: COLL | E13: 2d5835da-ef4a-416f-a799-2636cdfa60ca | I13: 6066 | J13: DATA LUAR 9081 | K13: BP3117OD | L13: RYAN TRISDYA SIMANJUNTAK | M13: BP BP31 17O | S13: JM81E1759592 | T13: BEAT CBS | U13: BEAT CBS | V13: PUTIH HITAM | W13: JP GADAI | X13: TIDAK DIKETAHUI
A14: 13 | B14: 2d9d422f-1d0e-4451-8950-dc9e388e3850 | C14: Efendi Lim | D14: COLL | E14: 2d9d422f-1d0e-4451-8950-dc9e388e3850 | I14: 6067 | J14: DATA LUAR 9082 | K14: BP3438RF | L14: MUHAMMAD IQBAL S | M14: BP BP34 38R | S14: JM01E1476653 | T14: SCOOPY | U14: SCOOPY | V14: BIRU-KREM | W14: JP GADAI | X14: TIDAK DIKETAHUI
A15: 14 | B15: 300826c6-ffb7-47ae-b0e0-86185483ddb9 | C15: Efendi Limbong | D15: COLL | E15: 300826c6-ffb7-47ae-b0e0-86185483ddb9 | I15: 6068 | J15: DATA LUAR 9083 | K15: BP3226RO | L15: ZULMARWAN | M15: BP BP32 26R | S15: JM91E2182596 | T15: BEAT CBS ISS | U15: BEAT CBS ISS | V15: SILVER | W15: JP GADAI | X15: TIDAK DIKETAHUI
A16: 15 | B16: 366fd226-4dfb-422c-825d-42fff8dda2c7 | C16: Aldila Fahri | D16: ALL | E16: 366fd226-4dfb-422c-825d-42fff8dda2c7 | I16: 6069 | J16: DATA LUAR 9084 | K16: BP3642HU | L16: ABDUL GANI | M16: BP BP36 42H | S16: JFZ1E2843909 | T16: BEAT CW PGM FI | U16: BEAT CW PGM FI | V16: HITAM | W16: JP GADAI | X16: TIDAK DIKETAHUI
A17: 16 | B17: 3677fb97-4982-45ef-bdd0-66ca3ee452fd | C17: riduwankhafidi | D17: COLL | E17: 3677fb97-4982-45ef-bdd0-66ca3ee452fd | I17: 6070 | J17: DATA LUAR 9085 | K17: BP3459UD | L17: RINO KARNO SINAGA | M17: BP BP34 59U | S17: JFZ1E3586785 | T17: BEAT CW PGM FI | U17: BEAT CW PGM FI | V17: HITAM | W17: JP GADAI | X17: TIDAK DIKETAHUI
A18: 17 | B18: 37e0a962-8be0-4256-a63a-51a09fd71ba6 | C18: Satria | D18: COLL | E18: 37e0a962-8be0-4256-a63a-51a09fd71ba6 | I18: 6071 | J18: DATA LUAR 9086 | K18: BP3374HM | L18: MUKMININ | M18: BP BP33 74H | S18: JFZ1E2660808 | T18: BEAT CW FGM FI | U18: BEAT CW FGM FI | V18: HITAM | W18: JP GADAI | X18: TIDAK DIKETAHUI
A19: 18 | B19: 3841b94e-9a4f-4b53-a473-36560f4d9a4f | C19: Miduk situmeangmiduk | D19: COLL | E19: 3841b94e-9a4f-4b53-a473-36560f4d9a4f | I19: 6072 | J19: DATA LUAR 9087 | K19: BP6252GF | L19: IKRAR MAULANA | M19: BP BP62 52G | S19: G427ID307445 | T19: SATRIA FU | U19: SATRIA FU | V19: BIRU | W19: JP GADAI | X19: TIDAK DIKETAHUI
A20: 19 | B20: 38fa4eda-b9a3-44ff-9898-d074c99008b7 | C20: Zaen | D20: COLL | E20: 38fa4eda-b9a3-44ff-9898-d074c99008b7 | I20: 6073 | J20: DATA LUAR 9088 | K20: BP6407GI | L20: RISKI ANANDA SIMAMORA | M20: BP BP64 07G | S20: G427ID377145 | T20: SATRIA FU | U20: SATRIA FU | V20: HITAM | W20: JP GADAI | X20: TIDAK DIKETAHUI
A21: 20 | B21: 3be3f0c1-373f-4a45-946b-0ab494863da5 | C21: Afsyah Tanjung | D21: COLL | E21: 3be3f0c1-373f-4a45-946b-0ab494863da5 | I21: 6074 | J21: DATA LUAR 9089 | K21: BP3359OF | L21: MINAN SUNANDAR | M21: BP BP33 59O | S21: JFP1E1682281 | T21: BEAT CW | U21: BEAT CW | V21: HITAM | W21: JP GADAI | X21: TIDAK DIKETAHUI
... A30: 29 | B30: 584bc6b7-bc3a-4d84-a66b-857e86f329da | C30: Syafiq | D30: COLL | E30: 584bc6b7-bc3a-4d84-a66b-857e86f329da | I30: 6083 | J30: DATA LUAR 9098 | K30: BP3593QA | L30: MUHAMMAD RIDWAN | M30: BP BP35 93Q | S30: JFP1E2214382 | T30: BEAT CW | U30: BEAT CW | V30: PUTIH-MERAH | W30: JP GADAI | X30: TIDAK DIKETAHUI
A31: 30 | B31: 5a9c7fd1-cce7-4fe3-8276-b4f3c2c3057f | C31: Brian Natanael Nainggolan | D31: ALL | E31: 5a9c7fd1-cce7-4fe3-8276-b4f3c2c3057f | I31: 6084 | J31: DATA LUAR 9099 | K31: BP3468QA | L31: DELVIAN FERBIANTO | M31: BP BP34 68Q | R31: MH1KC8213GK010339 | S31: KC82E1010135 | T31: H. CB150 R | U31: H. CB150 R H5C02R20M1 M/T tahun:2016 | V31: MERAH HITAM | W31: MEGA MAS GADAI | X31: TIDAK DIKETAHUI
A32: 31 | B32: 5d155998-3b32-426c-9f80-9898af00922a | C32: REFAN ANUGRAH MANALU | D32: COLL | E32: 5d155998-3b32-426c-9f80-9898af00922a | I32: 6085 | J32: DATA LUAR 9100 | K32: BP2563AF | L32: SRI WAYUNI | M32: BP BP25 63A | R32: MH1JFZ134KK125679 | S32: JFZ1E3127705 | T32: H.BEAT | U32: D1B02N26L2 A/T/2019 | V32: HITAM | W32: MEGA MAS GADAI | X32: TIDAK DIKETAHUI
A33: 32 | B33: 6159b013-1d5d-41e6-b081-c5781a4ea31b | C33: Talenta sihombing | D33: COLL | E33: 6159b013-1d5d-41e6-b081-c5781a4ea31b | I33: 6086 | J33: DATA LUAR 9101 | K33: BP2668Q | L33: FERLI OKTAWARDINATA | M33: BP BP26 68Q | R33: MH1JM0417PK235628 | S33: JM04E1235571 | T33: H. SCOOPY | U33: H. SCOOPY F1C02N46L0 A/T tahun:2023 | V33: MERAH | W33: MEGA MAS GADAI | X33: TIDAK DIKETAHUI
A34: 33 | B34: 6334c9e2-f39a-47fc-883e-dc49b291c247 | C34: Willy Tambunan | D34: COLL | E34: 6334c9e2-f39a-47fc-883e-dc49b291c247 | I34: 6087 | J34: DATA LUAR 9102 | K34: BP2796CR | L34: VITA RAMADHONA | M34: BP BP27 96C | R34: MH1KF0112NK168324 | S34: KF01E1168444 | T34: H.VARIO | U34: H.VARIO X1H02N32L1 A/T tahun:2022 | V34: HITAM | W34: MEGA MAS GADAI | X34: TIDAK DIKETAHUI
A35: 34 | B35: 65a61a5a-d553-4abf-aa0b-8bf217516db0 | C35: Khatijah Fitriyana | D35: COLL | E35: 65a61a5a-d553-4abf-aa0b-8bf217516db0 | I35: 6088 | J35: DATA LUAR 9103 | K35: BP2841RI | L35: EKA PUSPADEWI | M35: BP BP28 41R | R35: MH1KFA110NK010506 | S35: KFA1E1010375 | T35: H.VARIO | U35: L1K02Q33L1 A/T 2022 | V35: HITAM | W35: MEGA MAS GADAI | X35: TIDAK DIKETAHUI
A36: 35 | B36: 65a89e1c-a896-41d3-80db-f77bc1515e6d | C36: GLADYS STEPHANIE ANDI LOLO | D36: COLL | E36: 65a89e1c-a896-41d3-80db-f77bc1515e6d | I36: 6089 | J36: DATA LUAR 9104 | K36: BP3722MF | L36: SUPARJON | M36: BP BP37 22M | R36: MH1KC411XEK216488 | S36: KC41E1214360 | T36: H.CBR | U36: CB15A1RRF/2014 | V36: HITAM | W36: MEGA MAS GADAI | X36: TIDAK DIKETAHUI
A37: 36 | B37: 65c1341a-686d-45fb-810f-7b8814abe13f | C37: Martin Tri Putra Situmeang | D37: COLL | E37: 65c1341a-686d-45fb-810f-7b8814abe13f | I37: 6090 | J37: DATA LUAR 9105 | K37: BP3808RQ | L37: ENJELINA KARO KARO | M37: BP BP38 08R | R37: MH1JM0211NK780711 | S37: JM02E1780738 | T37: H.SCOOPY | U37: H.SCOOPY F1C02N46L0 A/T tahun:2022 | V37: COKLAT | W37: MEGA MAS GADAI | X37: TIDAK DIKETAHUI
A38: 37 | B38: 66338f6f-6199-47e8-8fc9-c871a18b6d2c | C38: Daulat sitorus | D38: COLL | E38: 66338f6f-6199-47e8-8fc9-c871a18b6d2c | I38: 6091 | J38: DATA LUAR 9106 | K38: BP4436GR | L38: RENDI WIJAYA | M38: BP BP44 36G | R38: MH31PA002DK338699 | S38: 1PA338798 | T38: Y.VIXION | U38: H.VIXION 1PA tahun:2013 | V38: PUTIH | W38: MEGA MAS GADAI | X38: TIDAK DIKETAHUI
A39: 38 | B39: 688868a7-408e-44ae-b238-348dfc1995b0 | C39: Juliendra | D39: COLL | E39: 688868a7-408e-44ae-b238-348dfc1995b0 | I39: 6092 | J39: DATA LUAR 9107 | K39: BP5497IC | L39: JONI PRANATA MANULANG | M39: BP BP54 97I | R39: MH32PK001EK010989 | S39: 2PK010920 | T39: Y.R15 | U39: 2 PK tahun:2014 | V39: PUTIH BIRU | W39: MEGA MAS GADAI | X39: TIDAK DIKETAHUI
A40: 39 | B40: 6b2e8be3-4c18-47cd-bfc4-5a119bd3b15d | C40: Galih sangga persada | D40: ALL | E40: 6b2e8be3-4c18-47cd-bfc4-5a119bd3b15d | I40: 6093 | J40: DATA LUAR 9108 | K40: BP5729MF | L40: MARDIANA SITORUS | M40: BP BP57 29M | R40: MH354P00CDJ975926 | S40: 54P975991 | T40: Y.MIO | U40: Y.MIO J 54P (CAST WHEEL) A/T tahun:2013 | V40: BIRU | W40: MEGA MAS GADAI | X40: TIDAK DIKETAHUI
A41: 40 | B41: 6b3dc071-be8e-4fa6-84b3-ef2c87247cf2 | C41: Opendi banjarnahor | D41: COLL | E41: 6b3dc071-be8e-4fa6-84b3-ef2c87247cf2 | I41: 6094 | J41: DATA LUAR 9109 | K41: BP2005FK | L41: DEBY AULIA SONDAKH | M41: BP BP20 05F | R41: MH1JM9114MK733600 | S41: JM91E1715864 | T41: H. BEAT DELUXE | U41: H. BEAT DELUXE H1B02N42L0 A/T tahun:2021 | V41: COKLAT | W41: MEGA MAS GADAI | X41: TIDAK DIKETAHUI
A42: 41 | B42: 6d21de4b-42fc-49f2-86f3-40a2a9759695 | C42: Roby radiansyah | D42: COLL | E42: 6d21de4b-42fc-49f2-86f3-40a2a9759695 | I42: 6095 | J42: DATA LUAR 9110 | K42: BP2081AD | L42: CANDRA SARI DEWI | M42: BP BP20 81A | R42: MH1JM3120KK947941 | S42: JM31E2943289 | T42: H.SCOOPY | U42: F1C02N28L0 A/T tahun:2019 | V42: HITAM | W42: MEGA MAS GADAI | X42: TIDAK DIKETAHUI
... A84: 83 | B84: 4ba588ce-5b23-48f8-84fd-4b03202c6b6a | C84: Nisa | D84: COLL | E84: 4ba588ce-5b23-48f8-84fd-4b03202c6b6a | I84: 6137 | J84: DATA LUAR 9152 | K84: BP3459HI | L84: ALFIYAH | M84: BP BP34 59H | R84: MH1JM2112JK939257 | S84: JM21E1919461 | T84: H.BEAT | U84: D1B02N12L2 A/T/2018 | V84: HITAM | W84: MEGA MAS GADAI | X84: TIDAK DIKETAHUI
A85: 84 | B85: c3350f0e-6142-40d5-b484-65615d63ec42 | C85: Susi Susanti | D85: ALL | E85: =B85 -> c3350f0e-6142-40d5-b484-65615d63ec42 | I85: 6138 | J85: DATA LUAR 9153 | K85: BP3467JH | L85: ZAINAL ARIFIN | M85: BP BP34 67J | R85: MH1JFD222DK241510 | S85: JFD2E2238299 | T85: H BEAT | U85: H.BEAT NC11BF1D A/T tahun:2013 | V85: HIJAU-PUTIH | W85: MEGA MAS GADAI | X85: TIDAK DIKETAHUI
A86: 85 | B86: 7a853851-d132-44d5-857c-82270c574879 | C86: M. UMAR FARUK | D86: ALL | E86: =B86 -> 7a853851-d132-44d5-857c-82270c574879 | I86: 6139 | J86: DATA LUAR 9154 | K86: BP3477RG | L86: ANDES HASONANGAN | M86: BP BP34 77R | R86: MH1JM8113NK873584 | S86: JM81E1877632 | T86: H BEAT | U86: D1B02N26L2 A/T tahun:2019 | V86: HITAM | W86: MEGA MAS GADAI | X86: TIDAK DIKETAHUI
A87: 86 | B87: 9cd0556f-4824-4d89-9026-53770f8d3dda | C87: Daniel andrianto | D87: ALL | E87: =B87 -> 9cd0556f-4824-4d89-9026-53770f8d3dda | I87: 6140 | J87: DATA LUAR 9155 | K87: BP3499J | L87: ROIDIN | M87: BP BP34 99J | R87: MH1JM8116MK694504 | S87: JM81E1696592 | T87: H. BEAT | U87: H. BEAT H1B02N41L0 A/T tahun:2021 | V87: BIRU - HITAM | W87: MEGA MAS GADAI | X87: TIDAK DIKETAHUI
A88: 87 | B88: 6b385b18-dcd8-469a-8210-e2ae95246bd3 | C88: Samsir | D88: ALL | E88: =B88 -> 6b385b18-dcd8-469a-8210-e2ae95246bd3 | I88: 6141 | J88: DATA LUAR 9156 | K88: BP3505RJ | L88: NURUL AINUN | M88: BP BP35 05R | R88: MH1JM9126NK154991 | S88: JM91E2153654 | T88: H. BEAT DELUXE | U88: H. BEAT DELUXE H1B02N42L0 A/T tahun:2022 | V88: COKLAT | W88: MEGA MAS GADAI | X88: TIDAK DIKETAHUI
A89: 88 | B89: 104aa0bc-4e85-4677-9b2c-8428b6a82e94 | C89: Afrianto Sianipar | D89: ALL | E89: =B89 -> 104aa0bc-4e85-4677-9b2c-8428b6a82e94 | I89: 6142 | J89: DATA LUAR 9157 | K89: BP3591QU | L89: DELI TATI SIMAMORA | M89: BP BP35 91Q | R89: MH1JM8218LK076517 | S89: JM82E1076496 | T89: H. BEAT STREET | U89: H. BEAT STREET H1B02N41L0 A/T tahun:2020 | V89: SILVER - HITAM | W89: MEGA MAS GADAI | X89: TIDAK DIKETAHUI
A90: 89 | B90: 84bd70a4-2508-4125-ab4b-a83ccf1a7416 | C90: Dony Indirwan | D90: ALL | E90: =B90 -> 84bd70a4-2508-4125-ab4b-a83ccf1a7416 | I90: 6143 | J90: DATA LUAR 9158 | K90: BP3610UI | L90: MONITRI MANURUNG | M90: BP BP36 10U | R90: MH1JM8116MK747668 | S90: JM81E1749931 | T90: H.BEAT | U90: H.BEAT H1B02N41L0 A/T tahun:2021 | V90: MERAH HITAM | W90: MEGA MAS GADAI | X90: TIDAK DIKETAHUI
A91: 90 | B91: 98b364f6-3d63-49c1-9734-3645a598b42a | C91: Taufik Rahman | D91: ALL | E91: =B91 -> 98b364f6-3d63-49c1-9734-3645a598b42a | I91: 6144 | J91: DATA LUAR 9159 | K91: BP3627I | L91: CHAIRUL HARVIANUR | M91: BP BP36 27I | R91: MH1JM0113MK280128 | S91: JM01E1279053 | T91: H. SCOOPY | U91: H, SCOOPY F1C02N46L0 A/T tahun:2021 | V91: BIRU | W91: MEGA MAS GADAI | X91: TIDAK DIKETAHUI
A92: 91 | B92: 306820e2-08cc-4078-ae54-edf70712dc0f | C92: Wilfrin samosir | D92: COLL | E92: =B92 -> 306820e2-08cc-4078-ae54-edf70712dc0f | I92: 6145 | J92: DATA LUAR 9160 | K92: BP3632RO | L92: SULASTRI | M92: BP BP36 32R | R92: MH1JM0110NK574524 | S92: JM01E1571191 | T92: SCOOPY | U92: F1C02N46L0 A/T tahun:2022 | V92: HITAM ORANGE | W92: MEGA MAS GADAI | X92: TIDAK DIKETAHUI
I93: 6146 | J93: DATA LUAR 9161 | K93: BP3723M | L93: YANES IMASULY | M93: BP BP37 23M | R93: MH1JM0214MK164998 | S93: JM02E1171268 | T93: H.SCOOPY | U93: H. SCOOPY F1C02N46L0 A/T tahun:2021 | V93: HITAM | W93: MEGA MAS GADAI | X93: TIDAK DIKETAHUI
I94: 6147 | J94: DATA LUAR 9162 | K94: BP3736AM | L94: SALMA ELISA | M94: BP BP37 36A | R94: MH1JM2126KK505238 | S94: JM21E2482204 | T94: H.BEAT SOLO | U94: D1B02N12L2 A/T tahun:2019 | V94: MERAH PUTIH | W94: MEGA MAS GADAI | X94: TIDAK DIKETAHUI
I95: 6148 | J95: DATA LUAR 9163 | K95: BP3810QR | L95: ROSLINA RATNA HUTAGALUNG | M95: BP BP38 10Q | R95: MH1JM2115HK298387 | S95: JM21E1298792 | T95: H. BEAT | U95: H. BEAT D1B02N12L2 A/T tahun:2017 | V95: BIRU - PUTIH | W95: MEGA MAS GADAI | X95: TIDAK DIKETAHUI
I96: 6149 | J96: DATA LUAR 9164 | K96: BP3843AR | L96: BAMBANG HARUN SIMARMATA | M96: BP BP38 43A | R96: MH1JM3111JK503294 | S96: JM31E1501966 | T96: H.SCOOPY | U96: H.SCOOPY F1C02N28L0 A/T tahun:2018 | V96: HITAM PUTIH | W96: MEGA MAS GADAI | X96: TIDAK DIKETAHUI
I97: 6150 | J97: DATA LUAR 9165 | K97: BP3858RP | L97: ALI MUZIN | M97: BP BP38 58R | R97: MH1JM8217PK903221 | S97: JM82E1902740 | T97: H BEAT | U97: H. BEAT STREET H1B02N41L0 A/T tahun:2023 | V97: HITAM | W97: MEGA MAS GADAI | X97: TIDAK DIKETAHUI
I98: 6151 | J98: DATA LUAR 9166 | K98: BP3897HO | L98: JUN CERIA BR GINTING | M98: BP BP38 97H | R98: MH1JM2124JK053675 | S98: JM21E2032882 | T98: H. BEAT | U98: H. BEAT D1B02N12L2 A/T tahun:2018 | V98: BIRU PUTIH | W98: MEGA MAS GADAI | X98: TIDAK DIKETAHUI
I99: 6152 | J99: DATA LUAR 9167 | K99: BP4203JR | L99: ROMI FASTIKA | M99: BP BP42 03J | R99: MH31PA004FK841136 | S99: 1PA841433 | T99: Y. VIXION | U99: Y. VIXION 1 PA tahun:2015 | V99: MERAH | W99: MEGA MAS GADAI | X99: TIDAK DIKETAHUI
I100: 6153 | J100: DATA LUAR 9168 | K100: BP4708AD | L100: NOVITA | M100: BP BP47 08A | R100: MH3SE8850KJ050394 | S100: E3W6E0227998 | T100: Y. MIO M3 | U100: Y. MIO M3 BN1 AT tahun:2019 | V100: PERAK | W100: MEGA MAS GADAI | X100: TIDAK DIKETAHUI
I101: 6154 | J101: DATA LUAR 9169 | K101: BP4745JG | L101: KIFRI PAKPAHAN | M101: BP BP47 45J | R101: MH31PA002DK085241 | S101: 1PA085377 | T101: Y.VIXION | U101: Y.VIXION 1PA tahun:2013 | V101: TITANIUM | W101: MEGA MAS GADAI | X101: TIDAK DIKETAHUI
I102: 6155 | J102: DATA LUAR 9170 | K102: BP4941AM | L102: AGUS RIADI | M102: BP BP49 41A | R102: MH38G5670NK219909 | S102: G3L8E-1227751 | T102: YAMAHA NMAX | U102: B6H-F A/T 2022 | V102: PERAK | W102: MEGA MAS GADAI | X102: TIDAK DIKETAHUI
I103: 6156 | J103: DATA LUAR 9171 | K103: BP5023AD | L103: RAHMAT HIDAYAT | M103: BP BP50 23A | R103: MH3RG4710KK113344 | S103: G3J6E0208930 | T103: Y. R15 | U103: Y. R15 V3 BK6 R M/T tahun:2019 | V103: HITAM | W103: MEGA MAS GADAI | X103: TIDAK DIKETAHUI
I104: 6157 | J104: DATA LUAR 9172 | K104: BP5075JD | L104: ARYADI | M104: BP BP50 75J | R104: MH31PA002DK032340 | S104: 1PA032111 | T104: Y.VIXION | U104: Y.VIXION 1PA tahun:2013 | V104: MERAH | W104: MEGA MAS GADAI | X104: TIDAK DIKETAHUI
... I279: 6332 | J279: 0009/BJ/2021 | K279: BP2550JF | L279: TOGI LENI MARLINA | M279: BP BP25 50J | R279: MH1JFD113DK036755 | S279: JFD1E1037284 | T279: HONDA | U279: BEAT | V279: PUTIH | W279: SIP GADAI | X279: TIDAK DIKETAHUI
I280: 6333 | K280: BP5873OO | L280: A SAID | M280: BP BP58 73O | R280: MH3UE1120GJ074763 | S280: E3R5E0077371 | T280: YAMAHA | U280: JUPITER Z1 | V280: HITAM | W280: SIP GADAI | X280: TIDAK DIKETAHUI
I281: 6334 | K281: BP3451RR | L281: GANDA TUA | M281: BP BP34 51R | R281: MH1JM2121KK559580 | S281: JM21E2537092 | T281: HONDA | U281: BEAT | V281: HITAM | W281: SIP GADAI | X281: TIDAK DIKETAHUI
I282: 6335 | K282: BP3539AI | L282: SAID ZULKIFLI | M282: BP BP35 39A | R282: MH1JM4117KK366577 | S282: JM41E1356000 | T282: HONDA | U282: VARIO TECHNO 125 CC | V282: MERAH | W282: SIP GADAI | X282: TIDAK DIKETAHUI
I283: 6336 | K283: BP2392UO | L283: JOHOR | M283: BP BP23 92U | R283: MH1JM8111MK602831 | S283: JM81E1603294 | T283: HONDA | U283: BEAT | V283: MERAH HITAM | W283: SIP GADAI | X283: TIDAK DIKETAHUI
I284: 6337 | K284: BP2280UH | L284: YUSRIL IHZA MAHENDRA | M284: BP BP22 80U | R284: MH1JFZ133KK514166 | S284: JFZ1E3513898 | T284: HONDA | U284: BEAT | V284: HITAM | W284: SIP GADAI | X284: TIDAK DIKETAHUI
I285: 6338 | K285: BP2724UE | L285: ALDO CABRICO | M285: BP BP27 24U | R285: MH1JM8111MK405948 | S285: JM81E1407907 | T285: HONDA | U285: BEAT DIGITAL | V285: HITAM | W285: SIP GADAI | X285: TIDAK DIKETAHUI
I286: 6339 | K286: BP2663CR | L286: MUSLIKHIN | M286: BP BP26 63C | R286: MH1KF0114NK170169 | S286: KF01E1168980 | T286: HONDA | U286: VARIO 160 CC | V286: HITAM | W286: SIP GADAI | X286: TIDAK DIKETAHUI
I287: 6340 | K287: BP6156HE | L287: DEDI PURWANTO | M287: BP BP61 56H | R287: MH8DL23ANHJ122342 | S287: CGA21D122360 | T287: SUZUKI | U287: GSX | V287: MERAH HITAM | W287: SIP GADAI | X287: TIDAK DIKETAHUI
I288: 6341 | K288: BP3316AM | L288: FRENGKI | M288: BP BP33 16A | R288: MH1JFZ132KK353860 | S288: JFZ1E3353895 | T288: HONDA | U288: BEAT | V288: PUTIH | W288: SIP GADAI | X288: TIDAK DIKETAHUI
I289: 6342 | K289: BP5267GC | L289: WILLY HAIQAL PANGGABEAN | M289: BP BP52 67G | R289: MH31PA004EK534941 | S289: 1PA535097 | T289: YAMAHA | U289: VIXION KS | V289: MERAH | W289: SIP GADAI | X289: TIDAK DIKETAHUI
I290: 6343 | K290: BP6350FG | L290: EFENDI | M290: BP BP63 50F | R290: MH8BG41EADJ106405 | S290: G427ID106887 | T290: SUZUKI | U290: SATRIA FU | V290: PUTIH ABU ABU | W290: SIP GADAI | X290: TIDAK DIKETAHUI
I291: 6344 | K291: BP6145GW | L291: GANDIPA JAYA | M291: BP BP61 45G | R291: MH8BG41EAEJ246689 | S291: G427ID242926 | T291: SUZUKI | U291: SATRIA FU | V291: HIJAU HITAM | W291: SIP GADAI | X291: TIDAK DIKETAHUI
... I607: 6660 | K607: BP2764UO | L607: SOFIANTY JULIANA SIREGAR | M607: BP BP27 64U | R607: MH1JM9124NK529230 | S607: JM91E2528206 | T607: HONDA | U607: BEAT DIGITAL | V607: HITAM | W607: SIP GADAI | X607: TIDAK DIKETAHUI
I608: 6661 | J608: PM02042017 | K608: BP5181OJ | L608: AHMAD IKBAL | M608: BP BP51 81O | R608: MH3SE8810GJ646202 | S608: E3RE0757097 | T608: YAMAHA | U608: MIO M3 | V608: PUTIH | W608: SIP GADAI | X608: TIDAK DIKETAHUI
I609: 6662 | J609: PM03122017 | K609: BP5740OG | L609: LISNA IDAWATI SINAGA | M609: BP BP57 40O | R609: MH3SE8810FJ472779 | S609: E3R2E0513020 | T609: YAMAHA | U609: MIO M3 | V609: MERAH | W609: SIP GADAI | X609: TIDAK DIKETAHUI
I610: 6663 | J610: PD01062017 | K610: BP5219JA | L610: DEWI MUSAROFAH | M610: BP BP52 19J | R610: MH54POOBDJ623110 | S610: 54P623371 | T610: YAMAHA | U610: MIO J | V610: PUTIH BIRU | W610: SIP GADAI | X610: TIDAK DIKETAHUI
I611: 6664 | J611: PD04072017 | K611: BP3143JG | L611: REGEN SIANTURY | M611: BP BP31 43J | R611: MH1JFD221DK182630 | S611: JFD2E2170101 | T611: HONDA | U611: BEAT | V611: MERAH | W611: SIP GADAI | X611: TIDAK DIKETAHUI
I612: 6665 | J612: PD15042017 | K612: BP5472IR | L612: HERDIANSYAH | M612: BP BP54 72I | R612: MH31PA004EK570135 | S612: 1PA570381 | T612: YAMAHA | U612: VIXION CW | V612: HITAM | W612: SIP GADAI | X612: TIDAK DIKETAHUI
I613: 6666 | J613: PD17082017 | K613: BP2181MG | L613: HERMINA | M613: BP BP21 81M | R613: MH1KC521EK176977 | S613: KC52E1174999 | T613: HONDA | U613: VERZA | V613: PUTIH | W613: SIP GADAI | X613: TIDAK DIKETAHUI
I614: 6667 | J614: PD10042017 | K614: BP4468JE | L614: RANO AFANDI | M614: BP BP44 68J | R614: MH345POO3DK212146 | S614: 45P222361 | T614: YAMAHA | U614: BYSON | V614: HITAM | W614: SIP GADAI | X614: TIDAK DIKETAHUI
I615: 6668 | J615: PD09062017 | K615: BP5083OO | L615: POLIN SIBURIAN | M615: BP BP50 83O | R615: MH3UE1110FJ002136 | S615: E3R5E0022511 | T615: YAMAHA | U615: JUPITER | V615: HITAM | W615: SIP GADAI | X615: TIDAK DIKETAHUI
I616: 6669 | J616: 0056/AL/2018 | K616: BP5069QE | L616: WIRANDA AZHAR PARLINDUNGAN | M616: BP BP50 69Q | R616: MH3SE8860HJ072398 | S616: E3R2E1279476 | T616: YAMAHA | U616: MIO M3 | V616: HITAM | W616: SIP GADAI | X616: TIDAK DIKETAHUI
I617: 6670 | J617: 0191/AL/2018 | K617: BP3014IO | L617: HARIYONO | M617: BP BP30 14I | R617: MH1JFD218DK55279 | S617: JFD2E1552573 | T617: HONDA | U617: BEAT | V617: PUTIH | W617: SIP GADAI | X617: TIDAK DIKETAHUI
I618: 6671 | J618: 0029/RAJ/2019 | K618: BP2384OA | L618: YUNANI WIJAYATI | M618: BP BP23 84O | R618: MHIJFT110FK002298 | S618: JFT1E1002272 | T618: HONDA | U618: BEAT POP | V618: BIRU | W618: SIP GADAI | X618: TIDAK DIKETAHUI
I619: 6672 | J619: 0164/AJ/2019 | K619: BP3958QR | L619: YOGA NOVRECO ANJIZA | M619: BP BP39 58Q | R619: MH1JFZ119HK608754 | S619: JFZ1E1620005 | T619: HONDA | U619: BEAT | V619: HITAM | W619: SIP GADAI | X619: TIDAK DIKETAHUI
... I657: 6710 | J657: 0009/BJ/2021 | K657: BP2550JF | L657: TOGI LENI MARLINA | M657: BP BP25 50J | R657: MH1JFD113DK036755 | S657: JFD1E1037284 | T657: HONDA | U657: BEAT | V657: PUTIH | W657: SIP GADAI | X657: TIDAK DIKETAHUI
I658: 6711 | K658: BP2360IU | L658: SILVI ( UNIT HILANG) | M658: BP BP23 60I | R658: MH1JM9119LK001235 | S658: JM91E1001295 | T658: HONDA | U658: BEAT DELUXE | V658: HITAM DOFF | W658: MOTOR SILVI | X658: TIDAK DIKETAHUI
I659: 6712 | K659: BP2928MG | L659: NN | M659: BP BP29 28M | U659: BEAT | W659: WANNER | X659: MOTOR HILANG
I660: 6713 | K660: BP3812J | L660: ANDRE SIREGAR | M660: BP BP38 12J | R660: MH1KD111XMK233026 | S660: KD11E1232297 | U660: CRF | W660: KSM
I661: 6714 | K661: BP5838AH | L661: KEVIN SIAHAAN | M661: BP BP58 38A | R661: MH3SG5670MJ096522 | S661: G3L8E0741078 | U661: NMAX | W661: KSM
I662: 6715 | K662: BP3168PR | L662: RAMADHAN BRAIN SEALY | M662: BP BP31 68P | R662: MH1KF0115PK453652 | S662: KF01E1453668 | U662: VARIO 160 | W662: KSM
I663: 6716 | K663: BP5993EJ | L663: RIZQI AKBAR HIDAYAT | M663: BP BP59 93E | R663: MH3SG5670PK345277 | S663: G3L8E1695874 | U663: NMAX | W663: KSM
I664: 6717 | K664: BP6458CG | L664: SEPTIAN DEKANANDA | M664: BP BP64 58C | R664: MH1JM913XPK425708 | S664: JM91E3421163 | U664: BEAT | W664: KSM
I665: 6718 | K665: BP5398EJ | L665: ROBBY ALPIANSYAH | M665: BP BP53 98E | R665: MH3SG5620PK801879 | S665: G3L8E1694484 | U665: NMAX | W665: KSM
I666: 6719 | K666: BP3236QC | L666: WAHYU MALIKI | M666: BP BP32 36Q | R666: MH1JM0414PK228376 | S666: JM04E1228387 | U666: SCOOPY | W666: KSM
I667: 6720 | K667: BP2512CA | L667: DATUK TAUFIK HIDAYAT | M667: BP BP25 12C | R667: MH1JM0210NK924099 | S667: JM02E1921003 | U667: SCOOPY | W667: KSM
I668: 6721 | K668: BP6061CO | L668: RENDY SAPUTRA | M668: BP BP60 61C | R668: MH1KD1111PK474199 | S668: KD11E1473423 | U668: CRF | W668: KSM
I669: 6722 | K669: BP3995AJ | L669: JAKA PRATAMA TURNIP | M669: BP BP39 95A | R669: MH1KCA218KK059536 | S669: KCA2E1055131 | U669: CB 150 R | W669: KSM
I670: 6723 | K670: BP4638OU | L670: KRISTIANUS ROY | M670: BP BP46 38O | R670: MH1KCB119RK055237 | S670: KCB1E1055182 | U670: CBR 150 | W670: KSM
I671: 6724 | K671: BP4717CU | L671: ROY ROMANDO NASUTION | M671: BP BP47 17C | R671: MH1JM0416RK841683 | S671: JM04E1841652 | U671: SCOOPY | W671: KSM
... I685: 6738 | K685: BP2179P | L685: HERMAN MEDY HASIBUAN | M685: BP BP21 79P | R685: MH1JM8128PK859174 | S685: JM81E2854892 | U685: BEAT DIGITAL | W685: KSM
I686: 6739 | J686: SK-KD-24-00064 | K686: BP 6341 OB | L686: IDA LESTUTI | M686: BP BP 6 341 | N686: C2 | O686: Rendi | P686: C | Q686: 12 | R686: MH1 JM031XRK589597 | S686: JM03E 1589438 | T686: HONDA | U686: SCOOPY FS | V686: BIRU PUTIH (BP) | W686: IMS | X686: 01 GAGAL BAYAR | Y686: 14 | Z686: 24
I687: 6740 | J687: SK-KD-24-00161 | K687: BP 6511 PB | L687: LUTFI ALIF ARBAR SANTOSO | M687: BP BP 6 511 | N687: C1 | O687: Rendi | P687: C | Q687: 7 | R687: MH1 JMA117RK144257 | S687: JMA1E 1144063 | T687: HONDA | U687: GENIO CBS | V687: HITAM SILVER (HS) | W687: IMS | X687: 01 GAGAL BAYAR | Y687: 13 | Z687: 24
I688: 6741 | J688: BT-KD-24-00347 | K688: BP 6127 CB | L688: PAULUS PARDAMEAN NAIBAHO | M688: BP BP 6 127 | N688: C0 | O688: Rendi | P688: C | Q688: 3 | R688: MH1 JMD114RK755638 | S688: JMD1E 1755253 | T688: HONDA | U688: V125 ISS | V688: HITAM (BK) | W688: IMS | X688: 01 GAGAL BAYAR | Y688: 8 | Z688: 24
...

Sheet sortir
A1: trim_name | B1: key | C1: velue | E1: TOTAL
A2: RIZKI A | B2: fb0bf344-260b-448c-b9d1-41fee67eb951 | C2: =IFERROR(VLOOKUP(B2,input!$A$2:$B$1048576,2,0),"") | E2: =SUM(C2:C61) -> 5914
A3: ALJABAR | B3: e8e7929e-42ea-42fd-ba15-6abadcfc1320 | C3: =IFERROR(VLOOKUP(B3,input!$A$2:$B$1048576,2,0),"")
A4: BOSPA | B4: 86c5db36-c6d1-4806-9a2e-31a2483c0bb3 | C4: =IFERROR(VLOOKUP(B4,input!$A$2:$B$1048576,2,0),"") -> 26
A5: ROBEN | B5: e3a70ada-a915-4680-aaa7-28e4b7d6722b | C5: =IFERROR(VLOOKUP(B5,input!$A$2:$B$1048576,2,0),"") -> 18
A6: RINTO | B6: 240e927b-449f-4469-8c98-e687f0b41cf8 | C6: =IFERROR(VLOOKUP(B6,input!$A$2:$B$1048576,2,0),"") -> 35
A7: JOSRI | B7: 1221336c-e009-42e3-be62-cbcd8f4b6108 | C7: =IFERROR(VLOOKUP(B7,input!$A$2:$B$1048576,2,0),"") -> 1
A8: OLOAN | B8: b5022170-5138-4d36-a599-749fef2d3ebb | C8: =IFERROR(VLOOKUP(B8,input!$A$2:$B$1048576,2,0),"")
A9: MIDUK | B9: 3841b94e-9a4f-4b53-a473-36560f4d9a4f | C9: =IFERROR(VLOOKUP(B9,input!$A$2:$B$1048576,2,0),"") -> 3
A10: RIMPUN | B10: eea94692-e3ef-470d-a986-47d8940e37c5 | C10: =IFERROR(VLOOKUP(B10,input!$A$2:$B$1048576,2,0),"") -> 1
A11: JUBRAIDER | B11: 83ca24fc-042d-4a7a-aea3-35465e9db033 | C11: =IFERROR(VLOOKUP(B11,input!$A$2:$B$1048576,2,0),"") -> 41
A12: WILFRIN | B12: 306820e2-08cc-4078-ae54-edf70712dc0f | C12: =IFERROR(VLOOKUP(B12,input!$A$2:$B$1048576,2,0),"")
A13: REY | B13: 03ad1f6b-7a85-463b-ab53-e8f3deee2ad5 | C13: =IFERROR(VLOOKUP(B13,input!$A$2:$B$1048576,2,0),"") -> 5
C14: =IFERROR(VLOOKUP(B14,input!$A$2:$B$1048576,2,0),"")
A15: DOKA | B15: 97b899c7-a738-4c0c-a57d-47d1be720bd2 | C15: =IFERROR(VLOOKUP(B15,input!$A$2:$B$1048576,2,0),"") -> 76
A16: EFENDI | B16: 2d9d422f-1d0e-4451-8950-dc9e388e3850 | C16: =IFERROR(VLOOKUP(B16,input!$A$2:$B$1048576,2,0),"") -> 17
A17: MARTIN | B17: 65c1341a-686d-45fb-810f-7b8814abe13f | C17: =IFERROR(VLOOKUP(B17,input!$A$2:$B$1048576,2,0),"")
A18: TALENTA S | B18: 6159b013-1d5d-41e6-b081-c5781a4ea31b | C18: =IFERROR(VLOOKUP(B18,input!$A$2:$B$1048576,2,0),"")
A19: SATRIA | B19: 37e0a962-8be0-4256-a63a-51a09fd71ba6 | C19: =IFERROR(VLOOKUP(B19,input!$A$2:$B$1048576,2,0),"")
A20: PAUL | B20: 908a2117-9e59-4ec5-981c-f44c8e53d59f | C20: =IFERROR(VLOOKUP(B20,input!$A$2:$B$1048576,2,0),"") -> 3
C21: =IFERROR(VLOOKUP(B21,input!$A$2:$B$1048576,2,0),"")
A22: RIZKI | B22: 0787ea2f-240f-4392-bead-e10cba282613 | C22: =IFERROR(VLOOKUP(B22,input!$A$2:$B$1048576,2,0),"")
A23: ZAEN | B23: 38fa4eda-b9a3-44ff-9898-d074c99008b7 | C23: =IFERROR(VLOOKUP(B23,input!$A$2:$B$1048576,2,0),"")
A24: PARNI | B24: 7be4daec-f2f2-4566-a79d-37f472fd73b1 | C24: =IFERROR(VLOOKUP(B24,input!$A$2:$B$1048576,2,0),"")
A25: RIDWAN | B25: 3677fb97-4982-45ef-bdd0-66ca3ee452fd | C25: =IFERROR(VLOOKUP(B25,input!$A$2:$B$1048576,2,0),"")
A26: NISA | B26: 4ba588ce-5b23-48f8-84fd-4b03202c6b6a | C26: =IFERROR(VLOOKUP(B26,input!$A$2:$B$1048576,2,0),"")
A27: KHATIJAH FITRI | B27: 65a61a5a-d553-4abf-aa0b-8bf217516db0 | C27: =IFERROR(VLOOKUP(B27,input!$A$2:$B$1048576,2,0),"")
C28: =IFERROR(VLOOKUP(B28,input!$A$2:$B$1048576,2,0),"")
A29: BP TIOPAN | B29: fced54d3-7c26-48e8-91fe-7d7236e7f959 | C29: =IFERROR(VLOOKUP(B29,input!$A$2:$B$1048576,2,0),"") -> 3
A30: AFSYAH | B30: 3be3f0c1-373f-4a45-946b-0ab494863da5 | C30: =IFERROR(VLOOKUP(B30,input!$A$2:$B$1048576,2,0),"")
A31: MUTIA | B31: 776aec09-4bd9-4191-a74b-53a47f4274b5 | C31: =IFERROR(VLOOKUP(B31,input!$A$2:$B$1048576,2,0),"")
A32: OPENDI | B32: 6b3dc071-be8e-4fa6-84b3-ef2c87247cf2 | C32: =IFERROR(VLOOKUP(B32,input!$A$2:$B$1048576,2,0),"") -> 3
A33: HARDIMAN | B33: a4f24bfd-45be-407a-a9ce-5da8e226108b | C33: =IFERROR(VLOOKUP(B33,input!$A$2:$B$1048576,2,0),"")
C34: =IFERROR(VLOOKUP(B34,input!$A$2:$B$1048576,2,0),"")
A35: BP HENDRA IMS | B35: 7940f202-c0c3-4d50-8007-8a6b016ada87 | C35: =IFERROR(VLOOKUP(B35,input!$A$2:$B$1048576,2,0),"")
A36: BP CRIS IMS | B36: 9a84d740-169d-4318-8369-6974d75bb07e | C36: =IFERROR(VLOOKUP(B36,input!$A$2:$B$1048576,2,0),"")
A37: AMRIN IMS | C37: =IFERROR(VLOOKUP(B37,input!$A$2:$B$1048576,2,0),"")
A38: BP RENDY IMS | B38: ac63d112-8c59-4edb-b75b-75ebcb97a513 | C38: =IFERROR(VLOOKUP(B38,input!$A$2:$B$1048576,2,0),"") -> 6
C39: =IFERROR(VLOOKUP(B39,input!$A$2:$B$1048576,2,0),"")
A40: DAULAT | B40: 66338f6f-6199-47e8-8fc9-c871a18b6d2c | C40: =IFERROR(VLOOKUP(B40,input!$A$2:$B$1048576,2,0),"") -> 164
A41: ROBY | B41: 6d21de4b-42fc-49f2-86f3-40a2a9759695 | C41: =IFERROR(VLOOKUP(B41,input!$A$2:$B$1048576,2,0),"") -> 215
A42: PANTOM | B42: 702dc462-24c0-4894-b1c2-8bb9fe7a2806 | C42: =IFERROR(VLOOKUP(B42,input!$A$2:$B$1048576,2,0),"") -> 255
C43: =IFERROR(VLOOKUP(B43,input!$A$2:$B$1048576,2,0),"")
A44: BINTANG | B44: 1e9acb24-9056-40a0-9e92-a3976369bb8b | C44: =IFERROR(VLOOKUP(B44,input!$A$2:$B$1048576,2,0),"")
A45: ALDO | B45: 78c8aa58-d259-49a1-a96c-192417985ecf | C45: =IFERROR(VLOOKUP(B45,input!$A$2:$B$1048576,2,0),"") -> 130
A46: FAJRI | B46: 6f0ee670-8a9a-45ff-8c00-ca014f6aabeb | C46: =IFERROR(VLOOKUP(B46,input!$A$2:$B$1048576,2,0),"")
A47: MIKO | B47: 551fa799-4956-44f4-9122-ea915d0399f1 | C47: =IFERROR(VLOOKUP(B47,input!$A$2:$B$1048576,2,0),"") -> 515
A48: REVAN DAUD | B48: f0b79403-18b0-47dd-bacc-d76d9d60a28e | C48: =IFERROR(VLOOKUP(B48,input!$A$2:$B$1048576,2,0),"")
A49: IMRAH | B49: 987e43b5-2fed-4ba1-8992-1b4d84e413ab | C49: =IFERROR(VLOOKUP(B49,input!$A$2:$B$1048576,2,0),"") -> 546
A50: HALIM | B50: 51f658db-9885-4d52-99bd-8e1bf0356977 | C50: =IFERROR(VLOOKUP(B50,input!$A$2:$B$1048576,2,0),"") -> 497
A51: AGUS | B51: e0d931cf-6e64-4a91-a81a-04cf02d33a39 | C51: =IFERROR(VLOOKUP(B51,input!$A$2:$B$1048576,2,0),"") -> 447
A52: BRYAN | B52: 74bb1709-aa7b-4b41-a082-a2af867fd15e | C52: =IFERROR(VLOOKUP(B52,input!$A$2:$B$1048576,2,0),"") -> 518
A53: WILLY | B53: 6334c9e2-f39a-47fc-883e-dc49b291c247 | C53: =IFERROR(VLOOKUP(B53,input!$A$2:$B$1048576,2,0),"")
A54: FIRDAUS | B54: b5e5eb90-c13c-42f2-8aa6-fb5964b939de | C54: =IFERROR(VLOOKUP(B54,input!$A$2:$B$1048576,2,0),"")
A55: ERWANTO | B55: 86afd147-8c0b-48e4-aaf8-44ad72c52985 | C55: =IFERROR(VLOOKUP(B55,input!$A$2:$B$1048576,2,0),"") -> 389
... A60: FRIAEDO | B60: dcc6f40b-a9a1-43d4-bd37-f0019f505bcd | C60: =IFERROR(VLOOKUP(B60,input!$A$2:$B$1048576,2,0),"") -> 535
C61: =IFERROR(VLOOKUP(B61,input!$A$2:$B$1048576,2,0),"")

Sheet input
A1: usrid | B1: count | C1: team | F1: check | G1: check_num | J1: CHECK
A2: 03ad1f6b-7a85-463b-ab53-e8f3deee2ad5 | B2: 5 | C2: =IFERROR(VLOOKUP(A2,var!$B$2:$D$801,3,0),"") -> COLL | F2: =IFERROR(VLOOKUP(A2,sortir!$B$2:$C$60,2,0),"") -> 5 | G2: =IFERROR(VLOOKUP(A2,var!B:C,2,0),"") -> Ray Steven Hutabarat | J2: =SUM(B2:B1048576) -> 5925 | K2: ALL + COLL
A3: 1221336c-e009-42e3-be62-cbcd8f4b6108 | B3: 1 | C3: =IFERROR(VLOOKUP(A3,var!$B$2:$D$801,3,0),"") -> COLL | F3: =IFERROR(VLOOKUP(A3,sortir!$B$2:$C$60,2,0),"") -> 1 | G3: =IFERROR(VLOOKUP(A3,var!B:C,2,0),"") -> Josri sijabat | J3: =SUM(F2:F70) -> 5914 | K3: YANG MASUK KE SORTIR
A4: 1770dac3-81ca-4fab-8a6a-e60c63470def | B4: 428 | C4: =IFERROR(VLOOKUP(A4,var!$B$2:$D$801,3,0),"") -> COLL | F4: =IFERROR(VLOOKUP(A4,sortir!$B$2:$C$60,2,0),"") -> 428 | G4: =IFERROR(VLOOKUP(A4,var!B:C,2,0),"") -> M Arkha Raditya Wuekero | J4: =J2-J3 -> 11 | K4: SELISIH
A5: 240e927b-449f-4469-8c98-e687f0b41cf8 | B5: 35 | C5: =IFERROR(VLOOKUP(A5,var!$B$2:$D$801,3,0),"") -> COLL | F5: =IFERROR(VLOOKUP(A5,sortir!$B$2:$C$60,2,0),"") -> 35 | G5: =IFERROR(VLOOKUP(A5,var!B:C,2,0),"") -> Rintoeriksonsiburian | J5: =SUMIF(C:C,"ALL",B:B) -> 11 | K5: CHEK SELISIH
A6: 2d9d422f-1d0e-4451-8950-dc9e388e3850 | B6: 17 | C6: =IFERROR(VLOOKUP(A6,var!$B$2:$D$801,3,0),"") -> COLL | F6: =IFERROR(VLOOKUP(A6,sortir!$B$2:$C$60,2,0),"") -> 17 | G6: =IFERROR(VLOOKUP(A6,var!B:C,2,0),"") -> Efendi Lim | J6: =SUMIF($C$2:$C$70,$C$4,$B$2:$B$1048576) -> 5914 | K6: JUMLAH ALL
A7: 3841b94e-9a4f-4b53-a473-36560f4d9a4f | B7: 3 | C7: =IFERROR(VLOOKUP(A7,var!$B$2:$D$801,3,0),"") -> COLL | F7: =IFERROR(VLOOKUP(A7,sortir!$B$2:$C$60,2,0),"") -> 3 | G7: =IFERROR(VLOOKUP(A7,var!B:C,2,0),"") -> Miduk situmeangmiduk | J7: =SUMIF($C$2:$C$70,$C$5,$B$2:$B$1048576) -> 5914 | K7: JUMLAH COLL
A8: 51f658db-9885-4d52-99bd-8e1bf0356977 | B8: 497 | C8: =IFERROR(VLOOKUP(A8,var!$B$2:$D$801,3,0),"") -> COLL | F8: =IFERROR(VLOOKUP(A8,sortir!$B$2:$C$60,2,0),"") -> 497 | G8: =IFERROR(VLOOKUP(A8,var!B:C,2,0),"") -> Muhammad Halim Putra
A9: 551fa799-4956-44f4-9122-ea915d0399f1 | B9: 515 | C9: =IFERROR(VLOOKUP(A9,var!$B$2:$D$801,3,0),"") -> COLL | F9: =IFERROR(VLOOKUP(A9,sortir!$B$2:$C$60,2,0),"") -> 515 | G9: =IFERROR(VLOOKUP(A9,var!B:C,2,0),"") -> Miko Nadchipa Sonara
A10: 5d155998-3b32-426c-9f80-9898af00922a | B10: 2 | C10: =IFERROR(VLOOKUP(A10,var!$B$2:$D$801,3,0),"") -> COLL | F10: =IFERROR(VLOOKUP(A10,sortir!$B$2:$C$60,2,0),"") -> 2 | G10: =IFERROR(VLOOKUP(A10,var!B:C,2,0),"") -> REFAN ANUGRAH MANALU
A11: 66338f6f-6199-47e8-8fc9-c871a18b6d2c | B11: 164 | C11: =IFERROR(VLOOKUP(A11,var!$B$2:$D$801,3,0),"") -> COLL | F11: =IFERROR(VLOOKUP(A11,sortir!$B$2:$C$60,2,0),"") -> 164 | G11: =IFERROR(VLOOKUP(A11,var!B:C,2,0),"") -> Daulat sitorus
A12: 688868a7-408e-44ae-b238-348dfc1995b0 | B12: 616 | C12: =IFERROR(VLOOKUP(A12,var!$B$2:$D$801,3,0),"") -> COLL | F12: =IFERROR(VLOOKUP(A12,sortir!$B$2:$C$60,2,0),"") -> 616 | G12: =IFERROR(VLOOKUP(A12,var!B:C,2,0),"") -> Juliendra
A13: 6b2e8be3-4c18-47cd-bfc4-5a119bd3b15d | B13: 10 | C13: =IFERROR(VLOOKUP(A13,var!$B$2:$D$801,3,0),"") -> ALL | F13: =IFERROR(VLOOKUP(A13,sortir!$B$2:$C$60,2,0),"") | G13: =IFERROR(VLOOKUP(A13,var!B:C,2,0),"") -> Galih sangga persada
A14: 6b3dc071-be8e-4fa6-84b3-ef2c87247cf2 | B14: 3 | C14: =IFERROR(VLOOKUP(A14,var!$B$2:$D$801,3,0),"") -> COLL | F14: =IFERROR(VLOOKUP(A14,sortir!$B$2:$C$60,2,0),"") -> 3 | G14: =IFERROR(VLOOKUP(A14,var!B:C,2,0),"") -> Opendi banjarnahor
A15: 6d21de4b-42fc-49f2-86f3-40a2a9759695 | B15: 215 | C15: =IFERROR(VLOOKUP(A15,var!$B$2:$D$801,3,0),"") -> COLL | F15: =IFERROR(VLOOKUP(A15,sortir!$B$2:$C$60,2,0),"") -> 215 | G15: =IFERROR(VLOOKUP(A15,var!B:C,2,0),"") -> Roby radiansyah
A16: 702dc462-24c0-4894-b1c2-8bb9fe7a2806 | B16: 255 | C16: =IFERROR(VLOOKUP(A16,var!$B$2:$D$801,3,0),"") -> COLL | F16: =IFERROR(VLOOKUP(A16,sortir!$B$2:$C$60,2,0),"") -> 255 | G16: =IFERROR(VLOOKUP(A16,var!B:C,2,0),"") -> Pantom Togi gabriel
A17: 74bb1709-aa7b-4b41-a082-a2af867fd15e | B17: 518 | C17: =IFERROR(VLOOKUP(A17,var!$B$2:$D$801,3,0),"") -> COLL | F17: =IFERROR(VLOOKUP(A17,sortir!$B$2:$C$60,2,0),"") -> 518 | G17: =IFERROR(VLOOKUP(A17,var!B:C,2,0),"") -> Bryan Saptarika
A18: 78c8aa58-d259-49a1-a96c-192417985ecf | B18: 130 | C18: =IFERROR(VLOOKUP(A18,var!$B$2:$D$801,3,0),"") -> COLL | F18: =IFERROR(VLOOKUP(A18,sortir!$B$2:$C$60,2,0),"") -> 130 | G18: =IFERROR(VLOOKUP(A18,var!B:C,2,0),"") -> ALDO FALERIO TAMBUNAN
A19: 83ca24fc-042d-4a7a-aea3-35465e9db033 | B19: 41 | C19: =IFERROR(VLOOKUP(A19,var!$B$2:$D$801,3,0),"") -> COLL | F19: =IFERROR(VLOOKUP(A19,sortir!$B$2:$C$60,2,0),"") -> 41 | G19: =IFERROR(VLOOKUP(A19,var!B:C,2,0),"") -> JUBRAIDER SIANTURI
... A32: fced54d3-7c26-48e8-91fe-7d7236e7f959 | B32: 3 | C32: =IFERROR(VLOOKUP(A32,var!$B$2:$D$801,3,0),"") -> COLL | F32: =IFERROR(VLOOKUP(A32,sortir!$B$2:$C$60,2,0),"") -> 3 | G32: =IFERROR(VLOOKUP(A32,var!B:C,2,0),"") -> Tiopan Lumbantoruan
C33: =IFERROR(VLOOKUP(A33,var!$B$2:$D$801,3,0),"") | F33: =IFERROR(VLOOKUP(A33,sortir!$B$2:$C$60,2,0),"") | G33: =IFERROR(VLOOKUP(A33,var!B:C,2,0),"")
C34: =IFERROR(VLOOKUP(A34,var!$B$2:$D$801,3,0),"") | F34: =IFERROR(VLOOKUP(A34,sortir!$B$2:$C$60,2,0),"") | G34: =IFERROR(VLOOKUP(A34,var!B:C,2,0),"")
C35: =IFERROR(VLOOKUP(A35,var!$B$2:$D$801,3,0),"") | F35: =IFERROR(VLOOKUP(A35,sortir!$B$2:$C$60,2,0),"") | G35: =IFERROR(VLOOKUP(A35,var!B:C,2,0),"")
C36: =IFERROR(VLOOKUP(A36,var!$B$2:$D$801,3,0),"") | F36: =IFERROR(VLOOKUP(A36,sortir!$B$2:$C$60,2,0),"") | G36: =IFERROR(VLOOKUP(A36,var!B:C,2,0),"")
C37: =IFERROR(VLOOKUP(A37,var!$B$2:$D$801,3,0),"") | F37: =IFERROR(VLOOKUP(A37,sortir!$B$2:$C$60,2,0),"") | G37: =IFERROR(VLOOKUP(A37,var!B:C,2,0),"")
C38: =IFERROR(VLOOKUP(A38,var!$B$2:$D$801,3,0),"") | F38: =IFERROR(VLOOKUP(A38,sortir!$B$2:$C$60,2,0),"") | G38: =IFERROR(VLOOKUP(A38,var!B:C,2,0),"")
C39: =IFERROR(VLOOKUP(A39,var!$B$2:$D$801,3,0),"") | F39: =IFERROR(VLOOKUP(A39,sortir!$B$2:$C$60,2,0),"") | G39: =IFERROR(VLOOKUP(A39,var!B:C,2,0),"")
C40: =IFERROR(VLOOKUP(A40,var!$B$2:$D$801,3,0),"") | F40: =IFERROR(VLOOKUP(A40,sortir!$B$2:$C$60,2,0),"") | G40: =IFERROR(VLOOKUP(A40,var!B:C,2,0),"")
C41: =IFERROR(VLOOKUP(A41,var!$B$2:$D$801,3,0),"") | F41: =IFERROR(VLOOKUP(A41,sortir!$B$2:$C$60,2,0),"") | G41: =IFERROR(VLOOKUP(A41,var!B:C,2,0),"")
C42: =IFERROR(VLOOKUP(A42,var!$B$2:$D$801,3,0),"") | F42: =IFERROR(VLOOKUP(A42,sortir!$B$2:$C$60,2,0),"") | G42: =IFERROR(VLOOKUP(A42,var!B:C,2,0),"")
C43: =IFERROR(VLOOKUP(A43,var!$B$2:$D$801,3,0),"") | F43: =IFERROR(VLOOKUP(A43,sortir!$B$2:$C$60,2,0),"") | G43: =IFERROR(VLOOKUP(A43,var!B:C,2,0),"")
C44: =IFERROR(VLOOKUP(A44,var!$B$2:$D$801,3,0),"") | F44: =IFERROR(VLOOKUP(A44,sortir!$B$2:$C$60,2,0),"") | G44: =IFERROR(VLOOKUP(A44,var!B:C,2,0),"")
... C70: =IFERROR(VLOOKUP(A70,var!$B$2:$D$801,3,0),"") | F70: =IFERROR(VLOOKUP(A70,sortir!$B$2:$C$60,2,0),"") | G70: =IFERROR(VLOOKUP(A70,var!B:C,2,0),"")

Sheet deteconfg
A1: user_id | B1: lokasi | C1: nopol_on_csv | D1: no_perjanjian | E1: nama_nasabah | F1: nopol | G1: coll | H1: pic | I1: kategori | J1: jto | K1: no_rangka | L1: no_mesin | M1: merk | N1: type | O1: warna | P1: status | Q1: actual_penyelesaian | R1: angsuran_ke | S1: tenor | T1: pic_foto | U1: team | V1: keterangan | W1: penyelesain | X1: case_id
A2: 97b899c7-a738-4c0c-a57d-47d1be720bd2 | D2: SP-24-F0001325 | E2: {=VLOOKUP($D2,[1]core!$D$2:$S$6032,COLUMN(B:B),0)} -> MARIANI | F2: {=VLOOKUP($D2,[1]core!$D$2:$S$6032,COLUMN(C:C),0)} -> BP 2604 FU | G2: {=VLOOKUP($D2,[1]core!$D$2:$S$6032,COLUMN(D:D),0)} -> C0 | H2: {=VLOOKUP($D2,[1]core!$D$2:$S$6032,COLUMN(E:E),0)} -> 03.DAULAT | I2: {=VLOOKUP($D2,[1]core!$D$2:$S$6032,COLUMN(F:F),0)} -> A | J2: {=VLOOKUP($D2,[1]core!$D$2:$S$6032,COLUMN(G:G),0)} -> 2 | K2: {=VLOOKUP($D2,[1]core!$D$2:$S$6032,COLUMN(H:H),0)} -> MH1JM4111KK557279 | L2: {=VLOOKUP($D2,[1]core!$D$2:$S$6032,COLUMN(I:I),0)} -> JM41E1557165 | M2: {=VLOOKUP($D2,[1]core!$D$2:$S$6032,COLUMN(J:J),0)} -> HONDA | N2: {=VLOOKUP($D2,[1]core!$D$2:$S$6032,COLUMN(K:K),0)} -> VARIO | O2: {=VLOOKUP($D2,[1]core!$D$2:$S$6032,COLUMN(L:L),0)} -> MERAH | P2: {=VLOOKUP($D2,[1]core!$D$2:$S$6032,COLUMN(M:M),0)} -> JG | Q2: {=VLOOKUP($D2,[1]core!$D$2:$S$6032,COLUMN(N:N),0)} -> DONE | R2: {=VLOOKUP($D2,[1]core!$D$2:$S$6032,COLUMN(O:O),0)} -> 16 | S2: {=VLOOKUP($D2,[1]core!$D$2:$S$6032,COLUMN(P:P),0)} -> 18 | T2: =VLOOKUP(A2,var!B:C,2,0) -> dokalorenpurba | U2: =VLOOKUP(A2,var!B:D,3,0) -> COLL
A3: 688868a7-408e-44ae-b238-348dfc1995b0 | D3: OD-24-F0002899 | E3: {=VLOOKUP($D3,[1]core!$D$2:$S$6032,COLUMN(B:B),0)} -> ANDI SETIAWAN | F3: {=VLOOKUP($D3,[1]core!$D$2:$S$6032,COLUMN(C:C),0)} -> BP 6941 UO | G3: {=VLOOKUP($D3,[1]core!$D$2:$S$6032,COLUMN(D:D),0)} -> C0 | H3: {=VLOOKUP($D3,[1]core!$D$2:$S$6032,COLUMN(E:E),0)} -> 10.MIDUK | I3: {=VLOOKUP($D3,[1]core!$D$2:$S$6032,COLUMN(F:F),0)} -> A | J3: {=VLOOKUP($D3,[1]core!$D$2:$S$6032,COLUMN(G:G),0)} -> 15 | K3: {=VLOOKUP($D3,[1]core!$D$2:$S$6032,COLUMN(H:H),0)} -> MH1JM8137RK109003 | L3: {=VLOOKUP($D3,[1]core!$D$2:$S$6032,COLUMN(I:I),0)} -> JM81E3107883 | M3: {=VLOOKUP($D3,[1]core!$D$2:$S$6032,COLUMN(J:J),0)} -> HONDA | N3: {=VLOOKUP($D3,[1]core!$D$2:$S$6032,COLUMN(K:K),0)} -> BEAT | O3: {=VLOOKUP($D3,[1]core!$D$2:$S$6032,COLUMN(L:L),0)} -> HITAM | P3: {=VLOOKUP($D3,[1]core!$D$2:$S$6032,COLUMN(M:M),0)} -> JG | Q3: {=VLOOKUP($D3,[1]core!$D$2:$S$6032,COLUMN(N:N),0)} -> BELUM JTO | R3: {=VLOOKUP($D3,[1]core!$D$2:$S$6032,COLUMN(O:O),0)} -> 13 | S3: {=VLOOKUP($D3,[1]core!$D$2:$S$6032,COLUMN(P:P),0)} -> 18 | T3: =VLOOKUP(A3,var!B:C,2,0) -> Juliendra | U3: =VLOOKUP(A3,var!B:D,3,0) -> COLL
A4: e3a70ada-a915-4680-aaa7-28e4b7d6722b | D4: OD-25-F0000508 | E4: {=VLOOKUP($D4,[1]core!$D$2:$S$6032,COLUMN(B:B),0)} -> MUTOHAROH | F4: {=VLOOKUP($D4,[1]core!$D$2:$S$6032,COLUMN(C:C),0)} -> BP 2802 RP | G4: {=VLOOKUP($D4,[1]core!$D$2:$S$6032,COLUMN(D:D),0)} -> C0 | H4: {=VLOOKUP($D4,[1]core!$D$2:$S$6032,COLUMN(E:E),0)} -> 07.RINTO | I4: {=VLOOKUP($D4,[1]core!$D$2:$S$6032,COLUMN(F:F),0)} -> A | J4: {=VLOOKUP($D4,[1]core!$D$2:$S$6032,COLUMN(G:G),0)} -> 1 | K4: {=VLOOKUP($D4,[1]core!$D$2:$S$6032,COLUMN(H:H),0)} -> MH1JM0415PK418798 | L4: {=VLOOKUP($D4,[1]core!$D$2:$S$6032,COLUMN(I:I),0)} -> JM04E1418638 | M4: {=VLOOKUP($D4,[1]core!$D$2:$S$6032,COLUMN(J:J),0)} -> HONDA | N4: {=VLOOKUP($D4,[1]core!$D$2:$S$6032,COLUMN(K:K),0)} -> SCOOPY | O4: {=VLOOKUP($D4,[1]core!$D$2:$S$6032,COLUMN(L:L),0)} -> HIJAU | P4: {=VLOOKUP($D4,[1]core!$D$2:$S$6032,COLUMN(M:M),0)} -> JG | Q4: {=VLOOKUP($D4,[1]core!$D$2:$S$6032,COLUMN(N:N),0)} -> GAGAL BAYAR | R4: {=VLOOKUP($D4,[1]core!$D$2:$S$6032,COLUMN(O:O),0)} -> 8 | S4: {=VLOOKUP($D4,[1]core!$D$2:$S$6032,COLUMN(P:P),0)} -> 18 | T4: =VLOOKUP(A4,var!B:C,2,0) -> Romroben sihombing | U4: =VLOOKUP(A4,var!B:D,3,0) -> COLL
A5: e3a70ada-a915-4680-aaa7-28e4b7d6722b | D5: OD-25-F0001935 | E5: {=VLOOKUP($D5,[1]core!$D$2:$S$6032,COLUMN(B:B),0)} -> JOSRI SIJABAT | F5: {=VLOOKUP($D5,[1]core!$D$2:$S$6032,COLUMN(C:C),0)} -> BP 3503 OD | G5: {=VLOOKUP($D5,[1]core!$D$2:$S$6032,COLUMN(D:D),0)} -> BELUM JTO | H5: {=VLOOKUP($D5,[1]core!$D$2:$S$6032,COLUMN(E:E),0)} -> C | I5: {=VLOOKUP($D5,[1]core!$D$2:$S$6032,COLUMN(F:F),0)} | J5: {=VLOOKUP($D5,[1]core!$D$2:$S$6032,COLUMN(G:G),0)} -> 1 | K5: {=VLOOKUP($D5,[1]core!$D$2:$S$6032,COLUMN(H:H),0)} -> MH1JM911XMK901000 | L5: {=VLOOKUP($D5,[1]core!$D$2:$S$6032,COLUMN(I:I),0)} -> JM91E1900395 | M5: {=VLOOKUP($D5,[1]core!$D$2:$S$6032,COLUMN(J:J),0)} -> HONDA | N5: {=VLOOKUP($D5,[1]core!$D$2:$S$6032,COLUMN(K:K),0)} -> BEAT | O5: {=VLOOKUP($D5,[1]core!$D$2:$S$6032,COLUMN(L:L),0)} -> HITAM | P5: {=VLOOKUP($D5,[1]core!$D$2:$S$6032,COLUMN(M:M),0)} -> JG | Q5: {=VLOOKUP($D5,[1]core!$D$2:$S$6032,COLUMN(N:N),0)} -> BELUM JTO | R5: {=VLOOKUP($D5,[1]core!$D$2:$S$6032,COLUMN(O:O),0)} -> 1 | S5: {=VLOOKUP($D5,[1]core!$D$2:$S$6032,COLUMN(P:P),0)} -> 18 | T5: =VLOOKUP(A5,var!B:C,2,0) -> Romroben sihombing | U5: =VLOOKUP(A5,var!B:D,3,0) -> COLL
A6: e3a70ada-a915-4680-aaa7-28e4b7d6722b | D6: SP-25-F0001868 | E6: {=VLOOKUP($D6,[1]core!$D$2:$S$6032,COLUMN(B:B),0)} -> RINO ARI MUKTI | F6: {=VLOOKUP($D6,[1]core!$D$2:$S$6032,COLUMN(C:C),0)} -> BP 3218 RH | G6: {=VLOOKUP($D6,[1]core!$D$2:$S$6032,COLUMN(D:D),0)} -> BELUM JTO | H6: {=VLOOKUP($D6,[1]core!$D$2:$S$6032,COLUMN(E:E),0)} -> C | I6: {=VLOOKUP($D6,[1]core!$D$2:$S$6032,COLUMN(F:F),0)} | J6: {=VLOOKUP($D6,[1]core!$D$2:$S$6032,COLUMN(G:G),0)} -> 1 | K6: {=VLOOKUP($D6,[1]core!$D$2:$S$6032,COLUMN(H:H),0)} -> MH1JM021XNK642472 | L6: {=VLOOKUP($D6,[1]core!$D$2:$S$6032,COLUMN(I:I),0)} -> JM02E1640421 | M6: {=VLOOKUP($D6,[1]core!$D$2:$S$6032,COLUMN(J:J),0)} -> HONDA | N6: {=VLOOKUP($D6,[1]core!$D$2:$S$6032,COLUMN(K:K),0)} -> SCOOPY KEYLEES | O6: {=VLOOKUP($D6,[1]core!$D$2:$S$6032,COLUMN(L:L),0)} -> PUTIH | P6: {=VLOOKUP($D6,[1]core!$D$2:$S$6032,COLUMN(M:M),0)} -> JG | Q6: {=VLOOKUP($D6,[1]core!$D$2:$S$6032,COLUMN(N:N),0)} -> BELUM JTO | R6: {=VLOOKUP($D6,[1]core!$D$2:$S$6032,COLUMN(O:O),0)} -> 4 | S6: {=VLOOKUP($D6,[1]core!$D$2:$S$6032,COLUMN(P:P),0)} -> 12 | T6: =VLOOKUP(A6,var!B:C,2,0) -> Romroben sihombing | U6: =VLOOKUP(A6,var!B:D,3,0) -> COLL
A7: e3a70ada-a915-4680-aaa7-28e4b7d6722b | D7: SP-24-F0002276 | E7: {=VLOOKUP($D7,[1]core!$D$2:$S$6032,COLUMN(B:B),0)} -> ANDERIAS YERU | F7: {=VLOOKUP($D7,[1]core!$D$2:$S$6032,COLUMN(C:C),0)} -> BP 3077 OD | G7: {=VLOOKUP($D7,[1]core!$D$2:$S$6032,COLUMN(D:D),0)} -> New C1 | H7: {=VLOOKUP($D7,[1]core!$D$2:$S$6032,COLUMN(E:E),0)} -> EVENDI | I7: {=VLOOKUP($D7,[1]core!$D$2:$S$6032,COLUMN(F:F),0)} | J7: {=VLOOKUP($D7,[1]core!$D$2:$S$6032,COLUMN(G:G),0)} -> 26 | K7: {=VLOOKUP($D7,[1]core!$D$2:$S$6032,COLUMN(H:H),0)} -> MH1JM8118MK784575 | L7: {=VLOOKUP($D7,[1]core!$D$2:$S$6032,COLUMN(I:I),0)} -> JM81E1786599 | M7: {=VLOOKUP($D7,[1]core!$D$2:$S$6032,COLUMN(J:J),0)} -> HONDA | N7: {=VLOOKUP($D7,[1]core!$D$2:$S$6032,COLUMN(K:K),0)} -> BEAT | O7: {=VLOOKUP($D7,[1]core!$D$2:$S$6032,COLUMN(L:L),0)} -> PUTIH HITAM | P7: {=VLOOKUP($D7,[1]core!$D$2:$S$6032,COLUMN(M:M),0)} -> JG | Q7: {=VLOOKUP($D7,[1]core!$D$2:$S$6032,COLUMN(N:N),0)} -> GAGAL BAYAR | R7: {=VLOOKUP($D7,[1]core!$D$2:$S$6032,COLUMN(O:O),0)} -> 12 | S7: {=VLOOKUP($D7,[1]core!$D$2:$S$6032,COLUMN(P:P),0)} -> 18 | T7: =VLOOKUP(A7,var!B:C,2,0) -> Romroben sihombing | U7: =VLOOKUP(A7,var!B:D,3,0) -> COLL
A8: 2d9d422f-1d0e-4451-8950-dc9e388e3850 | D8: OD-25-F0000998 | E8: {=VLOOKUP($D8,[1]core!$D$2:$S$6032,COLUMN(B:B),0)} -> IMAM SAFI I | F8: {=VLOOKUP($D8,[1]core!$D$2:$S$6032,COLUMN(C:C),0)} -> BP 2789 HI | G8: {=VLOOKUP($D8,[1]core!$D$2:$S$6032,COLUMN(D:D),0)} -> BELUM JTO | H8: {=VLOOKUP($D8,[1]core!$D$2:$S$6032,COLUMN(E:E),0)} -> C | I8: {=VLOOKUP($D8,[1]core!$D$2:$S$6032,COLUMN(F:F),0)} | J8: {=VLOOKUP($D8,[1]core!$D$2:$S$6032,COLUMN(G:G),0)} -> 1 | K8: {=VLOOKUP($D8,[1]core!$D$2:$S$6032,COLUMN(H:H),0)} -> MH1KF4110JK025437 | L8: {=VLOOKUP($D8,[1]core!$D$2:$S$6032,COLUMN(I:I),0)} -> KF41E1026285 | M8: {=VLOOKUP($D8,[1]core!$D$2:$S$6032,COLUMN(J:J),0)} -> HONDA | N8: {=VLOOKUP($D8,[1]core!$D$2:$S$6032,COLUMN(K:K),0)} -> VARIO | O8: {=VLOOKUP($D8,[1]core!$D$2:$S$6032,COLUMN(L:L),0)} -> HITAM | P8: {=VLOOKUP($D8,[1]core!$D$2:$S$6032,COLUMN(M:M),0)} -> JG | Q8: {=VLOOKUP($D8,[1]core!$D$2:$S$6032,COLUMN(N:N),0)} -> BELUM JTO | R8: {=VLOOKUP($D8,[1]core!$D$2:$S$6032,COLUMN(O:O),0)} -> 7 | S8: {=VLOOKUP($D8,[1]core!$D$2:$S$6032,COLUMN(P:P),0)} -> 18 | T8: =VLOOKUP(A8,var!B:C,2,0) -> Efendi Lim | U8: =VLOOKUP(A8,var!B:D,3,0) -> COLL
A9: 6d21de4b-42fc-49f2-86f3-40a2a9759695 | D9: OD-24-F0001038 | E9: {=VLOOKUP($D9,[1]core!$D$2:$S$6032,COLUMN(B:B),0)} -> AGUSMAN ZEGA | F9: {=VLOOKUP($D9,[1]core!$D$2:$S$6032,COLUMN(C:C),0)} -> BP 2167 US | G9: {=VLOOKUP($D9,[1]core!$D$2:$S$6032,COLUMN(D:D),0)} -> C0 | H9: {=VLOOKUP($D9,[1]core!$D$2:$S$6032,COLUMN(E:E),0)} -> 14.CALL CENTER | I9: {=VLOOKUP($D9,[1]core!$D$2:$S$6032,COLUMN(F:F),0)} -> A | J9: {=VLOOKUP($D9,[1]core!$D$2:$S$6032,COLUMN(G:G),0)} -> 15 | K9: {=VLOOKUP($D9,[1]core!$D$2:$S$6032,COLUMN(H:H),0)} -> MH1JM8128PK721828 | L9: {=VLOOKUP($D9,[1]core!$D$2:$S$6032,COLUMN(I:I),0)} -> JM81E2723848 | M9: {=VLOOKUP($D9,[1]core!$D$2:$S$6032,COLUMN(J:J),0)} -> HONDA | N9: {=VLOOKUP($D9,[1]core!$D$2:$S$6032,COLUMN(K:K),0)} -> BEAT | O9: {=VLOOKUP($D9,[1]core!$D$2:$S$6032,COLUMN(L:L),0)} -> BIRU HITAM | P9: {=VLOOKUP($D9,[1]core!$D$2:$S$6032,COLUMN(M:M),0)} -> JG | Q9: {=VLOOKUP($D9,[1]core!$D$2:$S$6032,COLUMN(N:N),0)} -> BELUM JTO | R9: {=VLOOKUP($D9,[1]core!$D$2:$S$6032,COLUMN(O:O),0)} -> 19 | S9: {=VLOOKUP($D9,[1]core!$D$2:$S$6032,COLUMN(P:P),0)} -> 24 | T9: =VLOOKUP(A9,var!B:C,2,0) -> Roby radiansyah | U9: =VLOOKUP(A9,var!B:D,3,0) -> COLL
A10: 86c5db36-c6d1-4806-9a2e-31a2483c0bb3 | D10: OD-25-F0000998 | E10: {=VLOOKUP($D10,[1]core!$D$2:$S$6032,COLUMN(B:B),0)} -> IMAM SAFI I | F10: {=VLOOKUP($D10,[1]core!$D$2:$S$6032,COLUMN(C:C),0)} -> BP 2789 HI | G10: {=VLOOKUP($D10,[1]core!$D$2:$S$6032,COLUMN(D:D),0)} -> BELUM JTO | H10: {=VLOOKUP($D10,[1]core!$D$2:$S$6032,COLUMN(E:E),0)} -> C | I10: {=VLOOKUP($D10,[1]core!$D$2:$S$6032,COLUMN(F:F),0)} | J10: {=VLOOKUP($D10,[1]core!$D$2:$S$6032,COLUMN(G:G),0)} -> 1 | K10: {=VLOOKUP($D10,[1]core!$D$2:$S$6032,COLUMN(H:H),0)} -> MH1KF4110JK025437 | L10: {=VLOOKUP($D10,[1]core!$D$2:$S$6032,COLUMN(I:I),0)} -> KF41E1026285 | M10: {=VLOOKUP($D10,[1]core!$D$2:$S$6032,COLUMN(J:J),0)} -> HONDA | N10: {=VLOOKUP($D10,[1]core!$D$2:$S$6032,COLUMN(K:K),0)} -> VARIO | O10: {=VLOOKUP($D10,[1]core!$D$2:$S$6032,COLUMN(L:L),0)} -> HITAM | P10: {=VLOOKUP($D10,[1]core!$D$2:$S$6032,COLUMN(M:M),0)} -> JG | Q10: {=VLOOKUP($D10,[1]core!$D$2:$S$6032,COLUMN(N:N),0)} -> BELUM JTO | R10: {=VLOOKUP($D10,[1]core!$D$2:$S$6032,COLUMN(O:O),0)} -> 7 | S10: {=VLOOKUP($D10,[1]core!$D$2:$S$6032,COLUMN(P:P),0)} -> 18 | T10: =VLOOKUP(A10,var!B:C,2,0) -> BOSPA SIANIPAR | U10: =VLOOKUP(A10,var!B:D,3,0) -> COLL
A11: 78c8aa58-d259-49a1-a96c-192417985ecf | D11: OD-25-F0000998 | E11: {=VLOOKUP($D11,[1]core!$D$2:$S$6032,COLUMN(B:B),0)} -> IMAM SAFI I | F11: {=VLOOKUP($D11,[1]core!$D$2:$S$6032,COLUMN(C:C),0)} -> BP 2789 HI | G11: {=VLOOKUP($D11,[1]core!$D$2:$S$6032,COLUMN(D:D),0)} -> BELUM JTO | H11: {=VLOOKUP($D11,[1]core!$D$2:$S$6032,COLUMN(E:E),0)} -> C | I11: {=VLOOKUP($D11,[1]core!$D$2:$S$6032,COLUMN(F:F),0)} | J11: {=VLOOKUP($D11,[1]core!$D$2:$S$6032,COLUMN(G:G),0)} -> 1 | K11: {=VLOOKUP($D11,[1]core!$D$2:$S$6032,COLUMN(H:H),0)} -> MH1KF4110JK025437 | L11: {=VLOOKUP($D11,[1]core!$D$2:$S$6032,COLUMN(I:I),0)} -> KF41E1026285 | M11: {=VLOOKUP($D11,[1]core!$D$2:$S$6032,COLUMN(J:J),0)} -> HONDA | N11: {=VLOOKUP($D11,[1]core!$D$2:$S$6032,COLUMN(K:K),0)} -> VARIO | O11: {=VLOOKUP($D11,[1]core!$D$2:$S$6032,COLUMN(L:L),0)} -> HITAM | P11: {=VLOOKUP($D11,[1]core!$D$2:$S$6032,COLUMN(M:M),0)} -> JG | Q11: {=VLOOKUP($D11,[1]core!$D$2:$S$6032,COLUMN(N:N),0)} -> BELUM JTO | R11: {=VLOOKUP($D11,[1]core!$D$2:$S$6032,COLUMN(O:O),0)} -> 7 | S11: {=VLOOKUP($D11,[1]core!$D$2:$S$6032,COLUMN(P:P),0)} -> 18 | T11: =VLOOKUP(A11,var!B:C,2,0) -> ALDO FALERIO TAMBUNAN | U11: =VLOOKUP(A11,var!B:D,3,0) -> COLL
A12: 78c8aa58-d259-49a1-a96c-192417985ecf | D12: OD-25-F0001935 | E12: {=VLOOKUP($D12,[1]core!$D$2:$S$6032,COLUMN(B:B),0)} -> JOSRI SIJABAT | F12: {=VLOOKUP($D12,[1]core!$D$2:$S$6032,COLUMN(C:C),0)} -> BP 3503 OD | G12: {=VLOOKUP($D12,[1]core!$D$2:$S$6032,COLUMN(D:D),0)} -> BELUM JTO | H12: {=VLOOKUP($D12,[1]core!$D$2:$S$6032,COLUMN(E:E),0)} -> C | I12: {=VLOOKUP($D12,[1]core!$D$2:$S$6032,COLUMN(F:F),0)} | J12: {=VLOOKUP($D12,[1]core!$D$2:$S$6032,COLUMN(G:G),0)} -> 1 | K12: {=VLOOKUP($D12,[1]core!$D$2:$S$6032,COLUMN(H:H),0)} -> MH1JM911XMK901000 | L12: {=VLOOKUP($D12,[1]core!$D$2:$S$6032,COLUMN(I:I),0)} -> JM91E1900395 | M12: {=VLOOKUP($D12,[1]core!$D$2:$S$6032,COLUMN(J:J),0)} -> HONDA | N12: {=VLOOKUP($D12,[1]core!$D$2:$S$6032,COLUMN(K:K),0)} -> BEAT | O12: {=VLOOKUP($D12,[1]core!$D$2:$S$6032,COLUMN(L:L),0)} -> HITAM | P12: {=VLOOKUP($D12,[1]core!$D$2:$S$6032,COLUMN(M:M),0)} -> JG | Q12: {=VLOOKUP($D12,[1]core!$D$2:$S$6032,COLUMN(N:N),0)} -> BELUM JTO | R12: {=VLOOKUP($D12,[1]core!$D$2:$S$6032,COLUMN(O:O),0)} -> 1 | S12: {=VLOOKUP($D12,[1]core!$D$2:$S$6032,COLUMN(P:P),0)} -> 18 | T12: =VLOOKUP(A12,var!B:C,2,0) -> ALDO FALERIO TAMBUNAN | U12: =VLOOKUP(A12,var!B:D,3,0) -> COLL
A13: 78c8aa58-d259-49a1-a96c-192417985ecf | D13: SP-24-F0002276 | E13: {=VLOOKUP($D13,[1]core!$D$2:$S$6032,COLUMN(B:B),0)} -> ANDERIAS YERU | F13: {=VLOOKUP($D13,[1]core!$D$2:$S$6032,COLUMN(C:C),0)} -> BP 3077 OD | G13: {=VLOOKUP($D13,[1]core!$D$2:$S$6032,COLUMN(D:D),0)} -> New C1 | H13: {=VLOOKUP($D13,[1]core!$D$2:$S$6032,COLUMN(E:E),0)} -> EVENDI | I13: {=VLOOKUP($D13,[1]core!$D$2:$S$6032,COLUMN(F:F),0)} | J13: {=VLOOKUP($D13,[1]core!$D$2:$S$6032,COLUMN(G:G),0)} -> 26 | K13: {=VLOOKUP($D13,[1]core!$D$2:$S$6032,COLUMN(H:H),0)} -> MH1JM8118MK784575 | L13: {=VLOOKUP($D13,[1]core!$D$2:$S$6032,COLUMN(I:I),0)} -> JM81E1786599 | M13: {=VLOOKUP($D13,[1]core!$D$2:$S$6032,COLUMN(J:J),0)} -> HONDA | N13: {=VLOOKUP($D13,[1]core!$D$2:$S$6032,COLUMN(K:K),0)} -> BEAT | O13: {=VLOOKUP($D13,[1]core!$D$2:$S$6032,COLUMN(L:L),0)} -> PUTIH HITAM | P13: {=VLOOKUP($D13,[1]core!$D$2:$S$6032,COLUMN(M:M),0)} -> JG | Q13: {=VLOOKUP($D13,[1]core!$D$2:$S$6032,COLUMN(N:N),0)} -> GAGAL BAYAR | R13: {=VLOOKUP($D13,[1]core!$D$2:$S$6032,COLUMN(O:O),0)} -> 12 | S13: {=VLOOKUP($D13,[1]core!$D$2:$S$6032,COLUMN(P:P),0)} -> 18 | T13: =VLOOKUP(A13,var!B:C,2,0) -> ALDO FALERIO TAMBUNAN | U13: =VLOOKUP(A13,var!B:D,3,0) -> COLL
... A47: 03ad1f6b-7a85-463b-ab53-e8f3deee2ad5 | D47: BT-KD-23-00182 | E47: {=VLOOKUP($D47,[1]core!$D$2:$S$6032,COLUMN(B:B),0)} -> #N/A | F47: {=VLOOKUP($D47,[1]core!$D$2:$S$6032,COLUMN(C:C),0)} -> #N/A | G47: {=VLOOKUP($D47,[1]core!$D$2:$S$6032,COLUMN(D:D),0)} -> #N/A | H47: {=VLOOKUP($D47,[1]core!$D$2:$S$6032,COLUMN(E:E),0)} -> #N/A | I47: {=VLOOKUP($D47,[1]core!$D$2:$S$6032,COLUMN(F:F),0)} -> #N/A | J47: {=VLOOKUP($D47,[1]core!$D$2:$S$6032,COLUMN(G:G),0)} -> #N/A | K47: {=VLOOKUP($D47,[1]core!$D$2:$S$6032,COLUMN(H:H),0)} -> #N/A | L47: {=VLOOKUP($D47,[1]core!$D$2:$S$6032,COLUMN(I:I),0)} -> #N/A | M47: {=VLOOKUP($D47,[1]core!$D$2:$S$6032,COLUMN(J:J),0)} -> #N/A | N47: {=VLOOKUP($D47,[1]core!$D$2:$S$6032,COLUMN(K:K),0)} -> #N/A | O47: {=VLOOKUP($D47,[1]core!$D$2:$S$6032,COLUMN(L:L),0)} -> #N/A | P47: {=VLOOKUP($D47,[1]core!$D$2:$S$6032,COLUMN(M:M),0)} -> #N/A | Q47: {=VLOOKUP($D47,[1]core!$D$2:$S$6032,COLUMN(N:N),0)} -> #N/A | R47: {=VLOOKUP($D47,[1]core!$D$2:$S$6032,COLUMN(O:O),0)} -> #N/A | S47: {=VLOOKUP($D47,[1]core!$D$2:$S$6032,COLUMN(P:P),0)} -> #N/A | T47: =VLOOKUP(A47,var!B:C,2,0) -> Ray Steven Hutabarat | U47: =VLOOKUP(A47,var!B:D,3,0) -> COLL
A48: 6d21de4b-42fc-49f2-86f3-40a2a9759695 | D48: 13003167 | E48: {=VLOOKUP($D48,[1]core!$D$2:$S$6032,COLUMN(B:B),0)} -> #N/A | F48: {=VLOOKUP($D48,[1]core!$D$2:$S$6032,COLUMN(C:C),0)} -> #N/A | G48: {=VLOOKUP($D48,[1]core!$D$2:$S$6032,COLUMN(D:D),0)} -> #N/A | H48: {=VLOOKUP($D48,[1]core!$D$2:$S$6032,COLUMN(E:E),0)} -> #N/A | I48: {=VLOOKUP($D48,[1]core!$D$2:$S$6032,COLUMN(F:F),0)} -> #N/A | J48: {=VLOOKUP($D48,[1]core!$D$2:$S$6032,COLUMN(G:G),0)} -> #N/A | K48: {=VLOOKUP($D48,[1]core!$D$2:$S$6032,COLUMN(H:H),0)} -> #N/A | L48: {=VLOOKUP($D48,[1]core!$D$2:$S$6032,COLUMN(I:I),0)} -> #N/A | M48: {=VLOOKUP($D48,[1]core!$D$2:$S$6032,COLUMN(J:J),0)} -> #N/A | N48: {=VLOOKUP($D48,[1]core!$D$2:$S$6032,COLUMN(K:K),0)} -> #N/A | O48: {=VLOOKUP($D48,[1]core!$D$2:$S$6032,COLUMN(L:L),0)} -> #N/A | P48: {=VLOOKUP($D48,[1]core!$D$2:$S$6032,COLUMN(M:M),0)} -> #N/A | Q48: {=VLOOKUP($D48,[1]core!$D$2:$S$6032,COLUMN(N:N),0)} -> #N/A | R48: {=VLOOKUP($D48,[1]core!$D$2:$S$6032,COLUMN(O:O),0)} -> #N/A | S48: {=VLOOKUP($D48,[1]core!$D$2:$S$6032,COLUMN(P:P),0)} -> #N/A | T48: =VLOOKUP(A48,var!B:C,2,0) -> Roby radiansyah | U48: =VLOOKUP(A48,var!B:D,3,0) -> COLL
A49: e0d931cf-6e64-4a91-a81a-04cf02d33a39 | D49: OD-24-F0001836 | E49: {=VLOOKUP($D49,[1]core!$D$2:$S$6032,COLUMN(B:B),0)} -> ROSI NOVIZA | F49: {=VLOOKUP($D49,[1]core!$D$2:$S$6032,COLUMN(C:C),0)} -> BP 3998 IG | G49: {=VLOOKUP($D49,[1]core!$D$2:$S$6032,COLUMN(D:D),0)} -> C0 | H49: {=VLOOKUP($D49,[1]core!$D$2:$S$6032,COLUMN(E:E),0)} -> 14.CALL CENTER | I49: {=VLOOKUP($D49,[1]core!$D$2:$S$6032,COLUMN(F:F),0)} -> A | J49: {=VLOOKUP($D49,[1]core!$D$2:$S$6032,COLUMN(G:G),0)} -> 6 | K49: {=VLOOKUP($D49,[1]core!$D$2:$S$6032,COLUMN(H:H),0)} -> MH1JFC118DK191067 | L49: {=VLOOKUP($D49,[1]core!$D$2:$S$6032,COLUMN(I:I),0)} -> JFC1E1190679 | M49: {=VLOOKUP($D49,[1]core!$D$2:$S$6032,COLUMN(J:J),0)} -> HONDA | N49: {=VLOOKUP($D49,[1]core!$D$2:$S$6032,COLUMN(K:K),0)} -> VARIO | O49: {=VLOOKUP($D49,[1]core!$D$2:$S$6032,COLUMN(L:L),0)} -> HITAM | P49: {=VLOOKUP($D49,[1]core!$D$2:$S$6032,COLUMN(M:M),0)} -> JG | Q49: {=VLOOKUP($D49,[1]core!$D$2:$S$6032,COLUMN(N:N),0)} -> DONE | R49: {=VLOOKUP($D49,[1]core!$D$2:$S$6032,COLUMN(O:O),0)} -> 16 | S49: {=VLOOKUP($D49,[1]core!$D$2:$S$6032,COLUMN(P:P),0)} -> 24 | T49: =VLOOKUP(A49,var!B:C,2,0) -> Agus setiyawan | U49: =VLOOKUP(A49,var!B:D,3,0) -> COLL
A50: 6d21de4b-42fc-49f2-86f3-40a2a9759695 | D50: TP-25-F0000511 | E50: {=VLOOKUP($D50,[1]core!$D$2:$S$6032,COLUMN(B:B),0)} -> TOYANI | F50: {=VLOOKUP($D50,[1]core!$D$2:$S$6032,COLUMN(C:C),0)} -> BP 3676 JB | G50: {=VLOOKUP($D50,[1]core!$D$2:$S$6032,COLUMN(D:D),0)} -> C0 | H50: {=VLOOKUP($D50,[1]core!$D$2:$S$6032,COLUMN(E:E),0)} -> 01.SYAMSURI | I50: {=VLOOKUP($D50,[1]core!$D$2:$S$6032,COLUMN(F:F),0)} -> A | J50: {=VLOOKUP($D50,[1]core!$D$2:$S$6032,COLUMN(G:G),0)} -> 15 | K50: {=VLOOKUP($D50,[1]core!$D$2:$S$6032,COLUMN(H:H),0)} -> MH1JM3135LK724658 | L50: {=VLOOKUP($D50,[1]core!$D$2:$S$6032,COLUMN(I:I),0)} -> JM31E3723591 | M50: {=VLOOKUP($D50,[1]core!$D$2:$S$6032,COLUMN(J:J),0)} -> HONDA | N50: {=VLOOKUP($D50,[1]core!$D$2:$S$6032,COLUMN(K:K),0)} -> SCOOPY | O50: {=VLOOKUP($D50,[1]core!$D$2:$S$6032,COLUMN(L:L),0)} -> HITAM | P50: {=VLOOKUP($D50,[1]core!$D$2:$S$6032,COLUMN(M:M),0)} -> JG | Q50: {=VLOOKUP($D50,[1]core!$D$2:$S$6032,COLUMN(N:N),0)} -> BELUM JTO | R50: {=VLOOKUP($D50,[1]core!$D$2:$S$6032,COLUMN(O:O),0)} -> 4 | S50: {=VLOOKUP($D50,[1]core!$D$2:$S$6032,COLUMN(P:P),0)} -> 24 | T50: =VLOOKUP(A50,var!B:C,2,0) -> Roby radiansyah | U50: =VLOOKUP(A50,var!B:D,3,0) -> COLL
E51: {=VLOOKUP($D51,[1]core!$D$2:$S$6032,COLUMN(B:B),0)} -> #N/A | F51: {=VLOOKUP($D51,[1]core!$D$2:$S$6032,COLUMN(C:C),0)} -> #N/A | G51: {=VLOOKUP($D51,[1]core!$D$2:$S$6032,COLUMN(D:D),0)} -> #N/A | H51: {=VLOOKUP($D51,[1]core!$D$2:$S$6032,COLUMN(E:E),0)} -> #N/A | I51: {=VLOOKUP($D51,[1]core!$D$2:$S$6032,COLUMN(F:F),0)} -> #N/A | J51: {=VLOOKUP($D51,[1]core!$D$2:$S$6032,COLUMN(G:G),0)} -> #N/A | K51: {=VLOOKUP($D51,[1]core!$D$2:$S$6032,COLUMN(H:H),0)} -> #N/A | L51: {=VLOOKUP($D51,[1]core!$D$2:$S$6032,COLUMN(I:I),0)} -> #N/A | M51: {=VLOOKUP($D51,[1]core!$D$2:$S$6032,COLUMN(J:J),0)} -> #N/A | N51: {=VLOOKUP($D51,[1]core!$D$2:$S$6032,COLUMN(K:K),0)} -> #N/A | O51: {=VLOOKUP($D51,[1]core!$D$2:$S$6032,COLUMN(L:L),0)} -> #N/A | P51: {=VLOOKUP($D51,[1]core!$D$2:$S$6032,COLUMN(M:M),0)} -> #N/A | Q51: {=VLOOKUP($D51,[1]core!$D$2:$S$6032,COLUMN(N:N),0)} -> #N/A | R51: {=VLOOKUP($D51,[1]core!$D$2:$S$6032,COLUMN(O:O),0)} -> #N/A | S51: {=VLOOKUP($D51,[1]core!$D$2:$S$6032,COLUMN(P:P),0)} -> #N/A | T51: =VLOOKUP(A51,var!B:C,2,0) -> #N/A | U51: =VLOOKUP(A51,var!B:D,3,0) -> #N/A
E52: {=VLOOKUP($D52,[1]core!$D$2:$S$6032,COLUMN(B:B),0)} -> #N/A | F52: {=VLOOKUP($D52,[1]core!$D$2:$S$6032,COLUMN(C:C),0)} -> #N/A | G52: {=VLOOKUP($D52,[1]core!$D$2:$S$6032,COLUMN(D:D),0)} -> #N/A | H52: {=VLOOKUP($D52,[1]core!$D$2:$S$6032,COLUMN(E:E),0)} -> #N/A | I52: {=VLOOKUP($D52,[1]core!$D$2:$S$6032,COLUMN(F:F),0)} -> #N/A | J52: {=VLOOKUP($D52,[1]core!$D$2:$S$6032,COLUMN(G:G),0)} -> #N/A | K52: {=VLOOKUP($D52,[1]core!$D$2:$S$6032,COLUMN(H:H),0)} -> #N/A | L52: {=VLOOKUP($D52,[1]core!$D$2:$S$6032,COLUMN(I:I),0)} -> #N/A | M52: {=VLOOKUP($D52,[1]core!$D$2:$S$6032,COLUMN(J:J),0)} -> #N/A | N52: {=VLOOKUP($D52,[1]core!$D$2:$S$6032,COLUMN(K:K),0)} -> #N/A | O52: {=VLOOKUP($D52,[1]core!$D$2:$S$6032,COLUMN(L:L),0)} -> #N/A | P52: {=VLOOKUP($D52,[1]core!$D$2:$S$6032,COLUMN(M:M),0)} -> #N/A | Q52: {=VLOOKUP($D52,[1]core!$D$2:$S$6032,COLUMN(N:N),0)} -> #N/A | R52: {=VLOOKUP($D52,[1]core!$D$2:$S$6032,COLUMN(O:O),0)} -> #N/A | S52: {=VLOOKUP($D52,[1]core!$D$2:$S$6032,COLUMN(P:P),0)} -> #N/A | T52: =VLOOKUP(A52,var!B:C,2,0) -> #N/A | U52: =VLOOKUP(A52,var!B:D,3,0) -> #N/A
E53: {=VLOOKUP($D53,[1]core!$D$2:$S$6032,COLUMN(B:B),0)} -> #N/A | F53: {=VLOOKUP($D53,[1]core!$D$2:$S$6032,COLUMN(C:C),0)} -> #N/A | G53: {=VLOOKUP($D53,[1]core!$D$2:$S$6032,COLUMN(D:D),0)} -> #N/A | H53: {=VLOOKUP($D53,[1]core!$D$2:$S$6032,COLUMN(E:E),0)} -> #N/A | I53: {=VLOOKUP($D53,[1]core!$D$2:$S$6032,COLUMN(F:F),0)} -> #N/A | J53: {=VLOOKUP($D53,[1]core!$D$2:$S$6032,COLUMN(G:G),0)} -> #N/A | K53: {=VLOOKUP($D53,[1]core!$D$2:$S$6032,COLUMN(H:H),0)} -> #N/A | L53: {=VLOOKUP($D53,[1]core!$D$2:$S$6032,COLUMN(I:I),0)} -> #N/A | M53: {=VLOOKUP($D53,[1]core!$D$2:$S$6032,COLUMN(J:J),0)} -> #N/A | N53: {=VLOOKUP($D53,[1]core!$D$2:$S$6032,COLUMN(K:K),0)} -> #N/A | O53: {=VLOOKUP($D53,[1]core!$D$2:$S$6032,COLUMN(L:L),0)} -> #N/A | P53: {=VLOOKUP($D53,[1]core!$D$2:$S$6032,COLUMN(M:M),0)} -> #N/A | Q53: {=VLOOKUP($D53,[1]core!$D$2:$S$6032,COLUMN(N:N),0)} -> #N/A | R53: {=VLOOKUP($D53,[1]core!$D$2:$S$6032,COLUMN(O:O),0)} -> #N/A | S53: {=VLOOKUP($D53,[1]core!$D$2:$S$6032,COLUMN(P:P),0)} -> #N/A | T53: =VLOOKUP(A53,var!B:C,2,0) -> #N/A | U53: =VLOOKUP(A53,var!B:D,3,0) -> #N/A
E54: {=VLOOKUP($D54,[1]core!$D$2:$S$6032,COLUMN(B:B),0)} -> #N/A | F54: {=VLOOKUP($D54,[1]core!$D$2:$S$6032,COLUMN(C:C),0)} -> #N/A | G54: {=VLOOKUP($D54,[1]core!$D$2:$S$6032,COLUMN(D:D),0)} -> #N/A | H54: {=VLOOKUP($D54,[1]core!$D$2:$S$6032,COLUMN(E:E),0)} -> #N/A | I54: {=VLOOKUP($D54,[1]core!$D$2:$S$6032,COLUMN(F:F),0)} -> #N/A | J54: {=VLOOKUP($D54,[1]core!$D$2:$S$6032,COLUMN(G:G),0)} -> #N/A | K54: {=VLOOKUP($D54,[1]core!$D$2:$S$6032,COLUMN(H:H),0)} -> #N/A | L54: {=VLOOKUP($D54,[1]core!$D$2:$S$6032,COLUMN(I:I),0)} -> #N/A | M54: {=VLOOKUP($D54,[1]core!$D$2:$S$6032,COLUMN(J:J),0)} -> #N/A | N54: {=VLOOKUP($D54,[1]core!$D$2:$S$6032,COLUMN(K:K),0)} -> #N/A | O54: {=VLOOKUP($D54,[1]core!$D$2:$S$6032,COLUMN(L:L),0)} -> #N/A | P54: {=VLOOKUP($D54,[1]core!$D$2:$S$6032,COLUMN(M:M),0)} -> #N/A | Q54: {=VLOOKUP($D54,[1]core!$D$2:$S$6032,COLUMN(N:N),0)} -> #N/A | R54: {=VLOOKUP($D54,[1]core!$D$2:$S$6032,COLUMN(O:O),0)} -> #N/A | S54: {=VLOOKUP($D54,[1]core!$D$2:$S$6032,COLUMN(P:P),0)} -> #N/A | T54: =VLOOKUP(A54,var!B:C,2,0) -> #N/A | U54: =VLOOKUP(A54,var!B:D,3,0) -> #N/A
E55: {=VLOOKUP($D55,[1]core!$D$2:$S$6032,COLUMN(B:B),0)} -> #N/A | F55: {=VLOOKUP($D55,[1]core!$D$2:$S$6032,COLUMN(C:C),0)} -> #N/A | G55: {=VLOOKUP($D55,[1]core!$D$2:$S$6032,COLUMN(D:D),0)} -> #N/A | H55: {=VLOOKUP($D55,[1]core!$D$2:$S$6032,COLUMN(E:E),0)} -> #N/A | I55: {=VLOOKUP($D55,[1]core!$D$2:$S$6032,COLUMN(F:F),0)} -> #N/A | J55: {=VLOOKUP($D55,[1]core!$D$2:$S$6032,COLUMN(G:G),0)} -> #N/A | K55: {=VLOOKUP($D55,[1]core!$D$2:$S$6032,COLUMN(H:H),0)} -> #N/A | L55: {=VLOOKUP($D55,[1]core!$D$2:$S$6032,COLUMN(I:I),0)} -> #N/A | M55: {=VLOOKUP($D55,[1]core!$D$2:$S$6032,COLUMN(J:J),0)} -> #N/A | N55: {=VLOOKUP($D55,[1]core!$D$2:$S$6032,COLUMN(K:K),0)} -> #N/A | O55: {=VLOOKUP($D55,[1]core!$D$2:$S$6032,COLUMN(L:L),0)} -> #N/A | P55: {=VLOOKUP($D55,[1]core!$D$2:$S$6032,COLUMN(M:M),0)} -> #N/A | Q55: {=VLOOKUP($D55,[1]core!$D$2:$S$6032,COLUMN(N:N),0)} -> #N/A | R55: {=VLOOKUP($D55,[1]core!$D$2:$S$6032,COLUMN(O:O),0)} -> #N/A | S55: {=VLOOKUP($D55,[1]core!$D$2:$S$6032,COLUMN(P:P),0)} -> #N/A | T55: =VLOOKUP(A55,var!B:C,2,0) -> #N/A | U55: =VLOOKUP(A55,var!B:D,3,0) -> #N/A
E56: {=VLOOKUP($D56,[1]core!$D$2:$S$6032,COLUMN(B:B),0)} -> #N/A | F56: {=VLOOKUP($D56,[1]core!$D$2:$S$6032,COLUMN(C:C),0)} -> #N/A | G56: {=VLOOKUP($D56,[1]core!$D$2:$S$6032,COLUMN(D:D),0)} -> #N/A | H56: {=VLOOKUP($D56,[1]core!$D$2:$S$6032,COLUMN(E:E),0)} -> #N/A | I56: {=VLOOKUP($D56,[1]core!$D$2:$S$6032,COLUMN(F:F),0)} -> #N/A | J56: {=VLOOKUP($D56,[1]core!$D$2:$S$6032,COLUMN(G:G),0)} -> #N/A | K56: {=VLOOKUP($D56,[1]core!$D$2:$S$6032,COLUMN(H:H),0)} -> #N/A | L56: {=VLOOKUP($D56,[1]core!$D$2:$S$6032,COLUMN(I:I),0)} -> #N/A | M56: {=VLOOKUP($D56,[1]core!$D$2:$S$6032,COLUMN(J:J),0)} -> #N/A | N56: {=VLOOKUP($D56,[1]core!$D$2:$S$6032,COLUMN(K:K),0)} -> #N/A | O56: {=VLOOKUP($D56,[1]core!$D$2:$S$6032,COLUMN(L:L),0)} -> #N/A | P56: {=VLOOKUP($D56,[1]core!$D$2:$S$6032,COLUMN(M:M),0)} -> #N/A | Q56: {=VLOOKUP($D56,[1]core!$D$2:$S$6032,COLUMN(N:N),0)} -> #N/A | R56: {=VLOOKUP($D56,[1]core!$D$2:$S$6032,COLUMN(O:O),0)} -> #N/A | S56: {=VLOOKUP($D56,[1]core!$D$2:$S$6032,COLUMN(P:P),0)} -> #N/A | T56: =VLOOKUP(A56,var!B:C,2,0) -> #N/A | U56: =VLOOKUP(A56,var!B:D,3,0) -> #N/A
E57: {=VLOOKUP($D57,[1]core!$D$2:$S$6032,COLUMN(B:B),0)} -> #N/A | F57: {=VLOOKUP($D57,[1]core!$D$2:$S$6032,COLUMN(C:C),0)} -> #N/A | G57: {=VLOOKUP($D57,[1]core!$D$2:$S$6032,COLUMN(D:D),0)} -> #N/A | H57: {=VLOOKUP($D57,[1]core!$D$2:$S$6032,COLUMN(E:E),0)} -> #N/A | I57: {=VLOOKUP($D57,[1]core!$D$2:$S$6032,COLUMN(F:F),0)} -> #N/A | J57: {=VLOOKUP($D57,[1]core!$D$2:$S$6032,COLUMN(G:G),0)} -> #N/A | K57: {=VLOOKUP($D57,[1]core!$D$2:$S$6032,COLUMN(H:H),0)} -> #N/A | L57: {=VLOOKUP($D57,[1]core!$D$2:$S$6032,COLUMN(I:I),0)} -> #N/A | M57: {=VLOOKUP($D57,[1]core!$D$2:$S$6032,COLUMN(J:J),0)} -> #N/A | N57: {=VLOOKUP($D57,[1]core!$D$2:$S$6032,COLUMN(K:K),0)} -> #N/A | O57: {=VLOOKUP($D57,[1]core!$D$2:$S$6032,COLUMN(L:L),0)} -> #N/A | P57: {=VLOOKUP($D57,[1]core!$D$2:$S$6032,COLUMN(M:M),0)} -> #N/A | Q57: {=VLOOKUP($D57,[1]core!$D$2:$S$6032,COLUMN(N:N),0)} -> #N/A | R57: {=VLOOKUP($D57,[1]core!$D$2:$S$6032,COLUMN(O:O),0)} -> #N/A | S57: {=VLOOKUP($D57,[1]core!$D$2:$S$6032,COLUMN(P:P),0)} -> #N/A | T57: =VLOOKUP(A57,var!B:C,2,0) -> #N/A | U57: =VLOOKUP(A57,var!B:D,3,0) -> #N/A
E58: {=VLOOKUP($D58,[1]core!$D$2:$S$6032,COLUMN(B:B),0)} -> #N/A | F58: {=VLOOKUP($D58,[1]core!$D$2:$S$6032,COLUMN(C:C),0)} -> #N/A | G58: {=VLOOKUP($D58,[1]core!$D$2:$S$6032,COLUMN(D:D),0)} -> #N/A | H58: {=VLOOKUP($D58,[1]core!$D$2:$S$6032,COLUMN(E:E),0)} -> #N/A | I58: {=VLOOKUP($D58,[1]core!$D$2:$S$6032,COLUMN(F:F),0)} -> #N/A | J58: {=VLOOKUP($D58,[1]core!$D$2:$S$6032,COLUMN(G:G),0)} -> #N/A | K58: {=VLOOKUP($D58,[1]core!$D$2:$S$6032,COLUMN(H:H),0)} -> #N/A | L58: {=VLOOKUP($D58,[1]core!$D$2:$S$6032,COLUMN(I:I),0)} -> #N/A | M58: {=VLOOKUP($D58,[1]core!$D$2:$S$6032,COLUMN(J:J),0)} -> #N/A | N58: {=VLOOKUP($D58,[1]core!$D$2:$S$6032,COLUMN(K:K),0)} -> #N/A | O58: {=VLOOKUP($D58,[1]core!$D$2:$S$6032,COLUMN(L:L),0)} -> #N/A | P58: {=VLOOKUP($D58,[1]core!$D$2:$S$6032,COLUMN(M:M),0)} -> #N/A | Q58: {=VLOOKUP($D58,[1]core!$D$2:$S$6032,COLUMN(N:N),0)} -> #N/A | R58: {=VLOOKUP($D58,[1]core!$D$2:$S$6032,COLUMN(O:O),0)} -> #N/A | S58: {=VLOOKUP($D58,[1]core!$D$2:$S$6032,COLUMN(P:P),0)} -> #N/A | T58: =VLOOKUP(A58,var!B:C,2,0) -> #N/A | U58: =VLOOKUP(A58,var!B:D,3,0) -> #N/A
E59: {=VLOOKUP($D59,[1]core!$D$2:$S$6032,COLUMN(B:B),0)} -> #N/A | F59: {=VLOOKUP($D59,[1]core!$D$2:$S$6032,COLUMN(C:C),0)} -> #N/A | G59: {=VLOOKUP($D59,[1]core!$D$2:$S$6032,COLUMN(D:D),0)} -> #N/A | H59: {=VLOOKUP($D59,[1]core!$D$2:$S$6032,COLUMN(E:E),0)} -> #N/A | I59: {=VLOOKUP($D59,[1]core!$D$2:$S$6032,COLUMN(F:F),0)} -> #N/A | J59: {=VLOOKUP($D59,[1]core!$D$2:$S$6032,COLUMN(G:G),0)} -> #N/A | K59: {=VLOOKUP($D59,[1]core!$D$2:$S$6032,COLUMN(H:H),0)} -> #N/A | L59: {=VLOOKUP($D59,[1]core!$D$2:$S$6032,COLUMN(I:I),0)} -> #N/A | M59: {=VLOOKUP($D59,[1]core!$D$2:$S$6032,COLUMN(J:J),0)} -> #N/A | N59: {=VLOOKUP($D59,[1]core!$D$2:$S$6032,COLUMN(K:K),0)} -> #N/A | O59: {=VLOOKUP($D59,[1]core!$D$2:$S$6032,COLUMN(L:L),0)} -> #N/A | P59: {=VLOOKUP($D59,[1]core!$D$2:$S$6032,COLUMN(M:M),0)} -> #N/A | Q59: {=VLOOKUP($D59,[1]core!$D$2:$S$6032,COLUMN(N:N),0)} -> #N/A | R59: {=VLOOKUP($D59,[1]core!$D$2:$S$6032,COLUMN(O:O),0)} -> #N/A | S59: {=VLOOKUP($D59,[1]core!$D$2:$S$6032,COLUMN(P:P),0)} -> #N/A | T59: =VLOOKUP(A59,var!B:C,2,0) -> #N/A | U59: =VLOOKUP(A59,var!B:D,3,0) -> #N/A
E60: {=VLOOKUP($D60,[1]core!$D$2:$S$6032,COLUMN(B:B),0)} -> #N/A | F60: {=VLOOKUP($D60,[1]core!$D$2:$S$6032,COLUMN(C:C),0)} -> #N/A | G60: {=VLOOKUP($D60,[1]core!$D$2:$S$6032,COLUMN(D:D),0)} -> #N/A | H60: {=VLOOKUP($D60,[1]core!$D$2:$S$6032,COLUMN(E:E),0)} -> #N/A | I60: {=VLOOKUP($D60,[1]core!$D$2:$S$6032,COLUMN(F:F),0)} -> #N/A | J60: {=VLOOKUP($D60,[1]core!$D$2:$S$6032,COLUMN(G:G),0)} -> #N/A | K60: {=VLOOKUP($D60,[1]core!$D$2:$S$6032,COLUMN(H:H),0)} -> #N/A | L60: {=VLOOKUP($D60,[1]core!$D$2:$S$6032,COLUMN(I:I),0)} -> #N/A | M60: {=VLOOKUP($D60,[1]core!$D$2:$S$6032,COLUMN(J:J),0)} -> #N/A | N60: {=VLOOKUP($D60,[1]core!$D$2:$S$6032,COLUMN(K:K),0)} -> #N/A | O60: {=VLOOKUP($D60,[1]core!$D$2:$S$6032,COLUMN(L:L),0)} -> #N/A | P60: {=VLOOKUP($D60,[1]core!$D$2:$S$6032,COLUMN(M:M),0)} -> #N/A | Q60: {=VLOOKUP($D60,[1]core!$D$2:$S$6032,COLUMN(N:N),0)} -> #N/A | R60: {=VLOOKUP($D60,[1]core!$D$2:$S$6032,COLUMN(O:O),0)} -> #N/A | S60: {=VLOOKUP($D60,[1]core!$D$2:$S$6032,COLUMN(P:P),0)} -> #N/A | T60: =VLOOKUP(A60,var!B:C,2,0) -> #N/A | U60: =VLOOKUP(A60,var!B:D,3,0) -> #N/A
E61: {=VLOOKUP($D61,[1]core!$D$2:$S$6032,COLUMN(B:B),0)} -> #N/A | F61: {=VLOOKUP($D61,[1]core!$D$2:$S$6032,COLUMN(C:C),0)} -> #N/A | G61: {=VLOOKUP($D61,[1]core!$D$2:$S$6032,COLUMN(D:D),0)} -> #N/A | H61: {=VLOOKUP($D61,[1]core!$D$2:$S$6032,COLUMN(E:E),0)} -> #N/A | I61: {=VLOOKUP($D61,[1]core!$D$2:$S$6032,COLUMN(F:F),0)} -> #N/A | J61: {=VLOOKUP($D61,[1]core!$D$2:$S$6032,COLUMN(G:G),0)} -> #N/A | K61: {=VLOOKUP($D61,[1]core!$D$2:$S$6032,COLUMN(H:H),0)} -> #N/A | L61: {=VLOOKUP($D61,[1]core!$D$2:$S$6032,COLUMN(I:I),0)} -> #N/A | M61: {=VLOOKUP($D61,[1]core!$D$2:$S$6032,COLUMN(J:J),0)} -> #N/A | N61: {=VLOOKUP($D61,[1]core!$D$2:$S$6032,COLUMN(K:K),0)} -> #N/A | O61: {=VLOOKUP($D61,[1]core!$D$2:$S$6032,COLUMN(L:L),0)} -> #N/A | P61: {=VLOOKUP($D61,[1]core!$D$2:$S$6032,COLUMN(M:M),0)} -> #N/A | Q61: {=VLOOKUP($D61,[1]core!$D$2:$S$6032,COLUMN(N:N),0)} -> #N/A | R61: {=VLOOKUP($D61,[1]core!$D$2:$S$6032,COLUMN(O:O),0)} -> #N/A | S61: {=VLOOKUP($D61,[1]core!$D$2:$S$6032,COLUMN(P:P),0)} -> #N/A | T61: =VLOOKUP(A61,var!B:C,2,0) -> #N/A | U61: =VLOOKUP(A61,var!B:D,3,0) -> #N/A
E62: {=VLOOKUP($D62,[1]core!$D$2:$S$6032,COLUMN(B:B),0)} -> #N/A | F62: {=VLOOKUP($D62,[1]core!$D$2:$S$6032,COLUMN(C:C),0)} -> #N/A | G62: {=VLOOKUP($D62,[1]core!$D$2:$S$6032,COLUMN(D:D),0)} -> #N/A | H62: {=VLOOKUP($D62,[1]core!$D$2:$S$6032,COLUMN(E:E),0)} -> #N/A | I62: {=VLOOKUP($D62,[1]core!$D$2:$S$6032,COLUMN(F:F),0)} -> #N/A | J62: {=VLOOKUP($D62,[1]core!$D$2:$S$6032,COLUMN(G:G),0)} -> #N/A | K62: {=VLOOKUP($D62,[1]core!$D$2:$S$6032,COLUMN(H:H),0)} -> #N/A | L62: {=VLOOKUP($D62,[1]core!$D$2:$S$6032,COLUMN(I:I),0)} -> #N/A | M62: {=VLOOKUP($D62,[1]core!$D$2:$S$6032,COLUMN(J:J),0)} -> #N/A | N62: {=VLOOKUP($D62,[1]core!$D$2:$S$6032,COLUMN(K:K),0)} -> #N/A | O62: {=VLOOKUP($D62,[1]core!$D$2:$S$6032,COLUMN(L:L),0)} -> #N/A | P62: {=VLOOKUP($D62,[1]core!$D$2:$S$6032,COLUMN(M:M),0)} -> #N/A | Q62: {=VLOOKUP($D62,[1]core!$D$2:$S$6032,COLUMN(N:N),0)} -> #N/A | R62: {=VLOOKUP($D62,[1]core!$D$2:$S$6032,COLUMN(O:O),0)} -> #N/A | S62: {=VLOOKUP($D62,[1]core!$D$2:$S$6032,COLUMN(P:P),0)} -> #N/A | T62: =VLOOKUP(A62,var!B:C,2,0) -> #N/A | U62: =VLOOKUP(A62,var!B:D,3,0) -> #N/A
... E88: {=VLOOKUP($D88,[1]core!$D$2:$S$6032,COLUMN(B:B),0)} -> #N/A | F88: {=VLOOKUP($D88,[1]core!$D$2:$S$6032,COLUMN(C:C),0)} -> #N/A | G88: {=VLOOKUP($D88,[1]core!$D$2:$S$6032,COLUMN(D:D),0)} -> #N/A | H88: {=VLOOKUP($D88,[1]core!$D$2:$S$6032,COLUMN(E:E),0)} -> #N/A | I88: {=VLOOKUP($D88,[1]core!$D$2:$S$6032,COLUMN(F:F),0)} -> #N/A | J88: {=VLOOKUP($D88,[1]core!$D$2:$S$6032,COLUMN(G:G),0)} -> #N/A | K88: {=VLOOKUP($D88,[1]core!$D$2:$S$6032,COLUMN(H:H),0)} -> #N/A | L88: {=VLOOKUP($D88,[1]core!$D$2:$S$6032,COLUMN(I:I),0)} -> #N/A | M88: {=VLOOKUP($D88,[1]core!$D$2:$S$6032,COLUMN(J:J),0)} -> #N/A | N88: {=VLOOKUP($D88,[1]core!$D$2:$S$6032,COLUMN(K:K),0)} -> #N/A | O88: {=VLOOKUP($D88,[1]core!$D$2:$S$6032,COLUMN(L:L),0)} -> #N/A | P88: {=VLOOKUP($D88,[1]core!$D$2:$S$6032,COLUMN(M:M),0)} -> #N/A | Q88: {=VLOOKUP($D88,[1]core!$D$2:$S$6032,COLUMN(N:N),0)} -> #N/A | R88: {=VLOOKUP($D88,[1]core!$D$2:$S$6032,COLUMN(O:O),0)} -> #N/A | S88: {=VLOOKUP($D88,[1]core!$D$2:$S$6032,COLUMN(P:P),0)} -> #N/A | T88: =VLOOKUP(A88,var!B:C,2,0) -> #N/A | U88: =VLOOKUP(A88,var!B:D,3,0) -> #N/A
T89: =VLOOKUP(A89,var!B:C,2,0) -> #N/A | U89: =VLOOKUP(A89,var!B:D,3,0) -> #N/A
T90: =VLOOKUP(A90,var!B:C,2,0) -> #N/A | U90: =VLOOKUP(A90,var!B:D,3,0) -> #N/A
T91: =VLOOKUP(A91,var!B:C,2,0) -> #N/A | U91: =VLOOKUP(A91,var!B:D,3,0) -> #N/A
T92: =VLOOKUP(A92,var!B:C,2,0) -> #N/A | U92: =VLOOKUP(A92,var!B:D,3,0) -> #N/A
T93: =VLOOKUP(A93,var!B:C,2,0) -> #N/A | U93: =VLOOKUP(A93,var!B:D,3,0) -> #N/A
T94: =VLOOKUP(A94,var!B:C,2,0) -> #N/A | U94: =VLOOKUP(A94,var!B:D,3,0) -> #N/A
T95: =VLOOKUP(A95,var!B:C,2,0) -> #N/A | U95: =VLOOKUP(A95,var!B:D,3,0) -> #N/A
T96: =VLOOKUP(A96,var!B:C,2,0) -> #N/A | U96: =VLOOKUP(A96,var!B:D,3,0) -> #N/A
T97: =VLOOKUP(A97,var!B:C,2,0) -> #N/A | U97: =VLOOKUP(A97,var!B:D,3,0) -> #N/A
T98: =VLOOKUP(A98,var!B:C,2,0) -> #N/A | U98: =VLOOKUP(A98,var!B:D,3,0) -> #N/A
T99: =VLOOKUP(A99,var!B:C,2,0) -> #N/A | U99: =VLOOKUP(A99,var!B:D,3,0) -> #N/A
T100: =VLOOKUP(A100,var!B:C,2,0) -> #N/A | U100: =VLOOKUP(A100,var!B:D,3,0) -> #N/A
... T111: =VLOOKUP(A111,var!B:C,2,0) -> #N/A | U111: =VLOOKUP(A111,var!B:D,3,0) -> #N/A

Sheet detecdb
A1: no | B1: no_perjanjian | C1: nama_nasabah | D1: nopol | E1: coll | F1: pic | G1: kategori | H1: jto | I1: no_rangka | J1: no_mesin | K1: merk | L1: type | M1: warna | N1: status | O1: actual_penyelesaian | P1: angsuran_ke | Q1: tenor
A2: 1 | B2: BN-23-F0000032 | C2: DWI KURNIA DESVANINGSIH | D2: BP 6637 ID | E2: C | F2: BELUM JTO | G2: A | H2: 5 | I2: MJAS16MS2PJ200311 | J2: QJ164FMLA12266096 | K2: BENELLI | L2: MOTOBI 200 EFI | M2: HITAM | N2: JG | O2: DONE | P2: 22 | Q2: 24
A3: 2 | B3: BN-23-F0000004 | C3: DODI TRIK JAYA | D3: BP 6355 ID | E3: C | F3: BELUM JTO | G3: A | H3: 1 | I3: MJAS17MS3PJ200247 | J3: BM255FMMB13502891 | K3: BENELLI | L3: P. EAGLE 250 | M3: HITAM | N3: JG | O3: DONE | P3: 26 | Q3: 36
A4: 3 | B4: OD-23-F0000958 | C4: SONO | D4: BP 2701 AF | E4: C | F4: BELUM JTO | G4: A | H4: 1 | I4: MH1JFZ13XKK127081 | J4: JFZ1E3131128 | K4: HONDA | L4: BEAT | M4: HITAM | N4: JG | O4: BELUM JTO | P4: 24 | Q4: 24
A5: 4 | B5: OD-23-F0000982 | C5: DAHLIA MARIATI SIMANGUNSONG | D5: BP 4632 AM | E5: C | F5: BELUM JTO | G5: A | H5: 1 | I5: MH3SEG710NJ157309 | J5: E32WE0200913 | K5: YAMAHA | L5: GEAR | M5: HITAM | N5: JG | O5: BELUM JTO | P5: 24 | Q5: 24
A6: 5 | B6: BN-24-F0000007 | C6: RIKHAL ADRYAN | D6: BP 4557 CU | E6: C | F6: BELUM JTO | G6: A | H6: 1 | I6: MJAS15MS1RJ200055 | J6: QJ162FMJ4B13229182 | K6: BENELLI | L6: MOTOBI 152 | M6: PUTIH | N6: JG | O6: DONE | P6: 19 | Q6: 24
A7: 6 | B7: OD-23-F0001239 | C7: JAKA KESUMA OTNIEL ARAPENTA SURBAKTI | D7: BP 4667 QJ | E7: C | F7: BELUM JTO | G7: A | H7: 10 | I7: MH3SEF310JJ036434 | J7: E31VE0048075 | K7: YAMAHA | L7: LEXI | M7: PUTIH | N7: JG | O7: BELUM JTO | P7: 23 | Q7: 24
A8: 7 | B8: OD-24-F0000627 | C8: DAFFA REHLAN FADHILAH | D8: BP 4106 AG | E8: C | F8: BELUM JTO | G8: A | H8: 4 | I8: MH3SEF510LJ103732 | J8: E31WE0111867 | K8: YAMAHA | L8: FREEGO | M8: MERAH | N8: JG | O8: DONE | P8: 19 | Q8: 24
A9: 8 | B9: OD-23-F0001748 | C9: STEPPANNY PUTRI SIMANUNGKALIT | D9: BP 3313 RS | E9: C | F9: BELUM JTO | G9: A | H9: 1 | I9: MH1JM0417PK444786 | J9: JM047E1444696 | K9: HONDA | L9: SCOOPY | M9: HIJAU | N9: JG | O9: DONE | P9: 21 | Q9: 24
A10: 9 | B10: OD-24-F0001800 | C10: MARIA ULFA | D10: BP 3257 OU | E10: C | F10: BELUM JTO | G10: A | H10: 2 | I10: MH1JM0217MK259023 | J10: JM02E1260066 | K10: HONDA | L10: SCOOPY | M10: COKLAT | N10: JG | O10: DONE | P10: 15 | Q10: 18
A11: 10 | B11: OD-24-F0001529 | C11: ROADI | D11: BP 4382 IF | E11: C | F11: BELUM JTO | G11: D | H11: 8 | I11: MH33C1005CK911571 | J11: 3C1912743 | K11: YAMAHA | L11: VIXION | M11: PUTIH | N11: JG | O11: BELUM JTO | P11: 17 | Q11: 18
A12: 11 | B12: OD-24-F0001177 | C12: GARVASILUS JUNIANNUS BOLI TOKAN | D12: BP 4521 AJ | E12: C | F12: BELUM JTO | G12: A | H12: 1 | I12: MH3SEG720NJ036807 | J12: E32XE0053510 | K12: YAMAHA | L12: GEAR | M12: PERAK | N12: JG | O12: BELUM JTO | P12: 17 | Q12: 24
A13: 12 | B13: OD-23-F0001369 | C13: DWI YONO | D13: BP 1539 AE | E13: C | F13: BELUM JTO | G13: A | H13: 24 | I13: MA3EPDE1S00406380 | J13: K10BN1363440 | K13: SUZUKI | L13: A STAR | M13: HIJAU METALIK | N13: JG | O13: DONE | P13: 23 | Q13: 24
... A390: 389 | B390: TP-25-F0000613 | C390: MUNSON LUMBAN TOBING | D390: BP 3161 JB | E390: C | F390: BELUM JTO | G390: A | H390: 1 | I390: MH1JM811XLK217170 | J390: JM81E1219104 | K390: HONDA | L390: BEAT | M390: MERAH - HITAM | N390: JG | O390: BELUM JTO | P390: 1 | Q390: 24
A391: 390 | B391: SP-24-F0002548 | C391: ANNISA PUTRI HASIBUAN | D391: BP 4034 UA | E391: C | F391: BELUM JTO | H391: 1 | I391: MH1JM8223RK141730 | J391: JM82E2142527 | K391: HONDA | L391: BEAT STREET | M391: HITAM | N391: JG | O391: BELUM JTO | P391: 10 | Q391: 12
A392: 391 | B392: SP-24-F0002581 | C392: MUHAMMAD FIRNANDA DARMAWAN | D392: BP 2935 UF | E392: C | F392: BELUM JTO | H392: 1 | I392: MH1KF4116KK876062 | J392: KF41E1878496 | K392: HONDA | L392: VARIO 150 KEYLESS | M392: MERAH | N392: JG | O392: DONE | P392: 10 | Q392: 12
A393: 392 | B393: SP-24-F0002593 | C393: MUHAMMAD DAVID | D393: BP 2315 GM | E393: C | F393: BELUM JTO | G393: A | H393: 1 | I393: MH1JF5132CK392524 | J393: JF51E3365281 | K393: HONDA | L393: BEAT CW | M393: HITAM | N393: JG | O393: DONE | P393: 10 | Q393: 12
A394: 393 | B394: SP-25-F0002147 | C394: VALERIANA VENERANDA BERNADINO | D394: BP 2321 JR | E394: C | F394: BELUM JTO | G394: A | H394: 1 | I394: MH1JFM217EK067751 | J394: JFM2E1071158 | K394: HONDA | L394: BEAT CW | M394: HITAM | N394: JG | O394: DONE | P394: 1 | Q394: 12
A395: 394 | B395: SP-25-F0000478 | C395: RIZKI FUADI | D395: BP 5358 QQ | E395: C | F395: BELUM JTO | G395: A | H395: 1 | I395: MH3RG4710KK107286 | J395: G3J6E0196961 | K395: YAMAHA | L395: R15 V3 | M395: HITAM | N395: JG | O395: DONE | P395: 7 | Q395: 12
A396: 395 | B396: SP-25-F0000498 | C396: WAHYU RAMADHAN | D396: BP 4536 HH | E396: C | F396: BELUM JTO | G396: A | H396: 1 | I396: MH1JM0315RK740202 | J396: JM03E1740226 | K396: HONDA | L396: SCOOPY NON KEYLESS | M396: SILVER-HITAM | N396: JG | O396: BELUM JTO | P396: 7 | Q396: 12
A397: 396 | B397: SP-25-F0000518 | C397: RACHMAN ARITONANG | D397: BP 3381 UH | E397: C | F397: BELUM JTO | G397: A | H397: 4 | I397: MH1JM2122KK607751 | J397: JM21E2586374 | K397: HONDA | L397: BEAT FI | M397: BIRU PUTIH | N397: JG | O397: DONE | P397: 7 | Q397: 18
A398: 397 | B398: SP-25-F0002153 | C398: RUDI ASWANDI | D398: BP 2600 FH | E398: C | F398: BELUM JTO | G398: A | H398: 1 | I398: MH1JM812XPK536826 | J398: JM81E2538127 | K398: HONDA | L398: BEAT DIGITAL | M398: SILVER HITAM | N398: JG | O398: BELUM JTO | P398: 1 | Q398: 24
A399: 398 | B399: SP-25-F0002155 | C399: TETTY NURHAIDA HUTABARAT | D399: BP 5276 OO | E399: C | F399: BELUM JTO | G399: A | H399: 1 | I399: MH3SE8860GJ004285 | J399: E3R2E1066948 | K399: YAMAHA | L399: MIO M3 125 | M399: MERAH | N399: JG | O399: BELUM JTO | P399: 1 | Q399: 12
A400: 399 | B400: SP-25-F0002193 | C400: RIDHO HANAFI POHAN | D400: BP 5312 UA | E400: C | F400: BELUM JTO | G400: A | H400: 1 | I400: MH1JMA11XRK150456 | J400: JMA1E1150240 | K400: HONDA | L400: GENIO | M400: HITAM-MERAH | N400: JG | O400: DONE | P400: 1 | Q400: 12
A401: 400 | B401: SP-25-F0002195 | C401: MUHAMMAD AFIF MUNTASHIR | D401: BP 2577 UU | E401: C | F401: BELUM JTO | G401: A | H401: 1 | I401: MH1JM8122NK232953 | J401: JM81E2232184 | K401: HONDA | L401: BEAT | M401: PUTIH | N401: JG | O401: BELUM JTO | P401: 1 | Q401: 12
A402: 401 | B402: SP-24-F0002112 | C402: CANDRA FITO | D402: BP 2066 RS | E402: C | F402: BELUM JTO | G402: A | H402: 7 | I402: MH1JM0310PK400565 | J402: JM03E1400486 | K402: HONDA | L402: SCOOPY NON KEYLESS | M402: HITAM SILVER | N402: JG | O402: LUNAS | P402: 12 | Q402: 18
A403: 402 | B403: SP-25-F0002133 | C403: SOFYAN | D403: BP 4358 QI | E403: C | F403: BELUM JTO | G403: A | H403: 1 | I403: MH3SG3120HK407797 | J403: G3E4E0570420 | K403: YAMAHA | L403: NMAX | M403: HITAM | N403: JG | O403: BELUM JTO | P403: 1 | Q403: 12
A404: 403 | B404: SP-25-F0002160 | C404: NURYANTO | D404: BP 2609 RQ | E404: C | F404: BELUM JTO | G404: A | H404: 1 | I404: MH1JM0216NK778078 | J404: JM02E1778057 | K404: HONDA | L404: SCOOPY KEYLESS | M404: COKLAT | N404: JG | O404: BELUM JTO | P404: 1 | Q404: 18
... A959: 958 | B959: OD-24-F0002642 | C959: ARI AKBAR SANI | D959: BP 5140 EJ | E959: C0 | F959: 13.CALL CENTER | G959: A | H959: 14 | I959: MH3UG0750PK169724 | J959: G3E6E0710135 | K959: YAMAHA | L959: JUPITER MX KING | M959: MERAH | N959: JG | O959: DONE | P959: 12 | Q959: 24
A960: 959 | B960: OD-24-F0002666 | C960: WALELENG RUDI KAPARANG | D960: BP 4865 QE | E960: C0 | F960: 05.BOSPA | H960: 18 | I960: MH3SE8860HJ102322 | J960: E3R2E1373318 | K960: YAMAHA | L960: MIO | M960: MERAH | N960: JG | O960: GAGAL BAYAR | P960: 12 | Q960: 12
A961: 960 | B961: OD-24-F0003414 | C961: SONY ANDREAS MANIK | D961: BP 6653 GO | E961: C0 | F961: 11.RIMPUN | G961: A | H961: 13 | I961: MH8DL11AZGJ104626 | J961: CGA1ID102837 | K961: SUZUKI | L961: SATRIA FU | M961: HITAM | N961: JG | O961: GAGAL BAYAR | P961: 9 | Q961: 12
A962: 961 | B962: OD-24-F0003439 | C962: HOTNIDA BR SIMANJUNTAK | D962: BP 3406 AD | E962: C0 | F962: 11.RIMPUN | G962: A | H962: 14 | I962: MH1JBP110KK755732 | J962: JBP1E1755413 | K962: HONDA | L962: SUPRA X | M962: HITAM | N962: JG | O962: GAGAL BAYAR | P962: 9 | Q962: 18
A963: 962 | B963: OD-24-F0001120 | C963: ROIS SATUL UMAMAH | D963: BP 2204 IU | E963: C0 | F963: 12.JUBRAIDER S | G963: A | H963: 24 | I963: MH1JM9115LK000275 | J963: JM91E1000265 | K963: HONDA | L963: BEAT | M963: HITAM | N963: JG | O963: DONE | P963: 17 | Q963: 24
A964: 963 | B964: OD-24-F0001129 | C964: JONATAN SIGALINGGING | D964: BP 2942 AD | E964: C0 | F964: 03.ALJABAR | G964: A | H964: 24 | I964: MH1JFZ132KK486313 | J964: JFZ1E3486228 | K964: HONDA | L964: BEAT | M964: PUTIH | N964: JG | O964: DONE | P964: 17 | Q964: 18
A965: 964 | B965: OD-24-F0001159 | C965: M. TAUFIK | D965: BP 3451 QD | E965: C0 | F965: 08.JOSRI | G965: A | H965: 4 | I965: MH1JFP129GK427617 | J965: JFP1E2415955 | K965: HONDA | L965: BEAT CW | M965: PUTIH MERAH | N965: JG | O965: DONE | P965: 16 | Q965: 24
A966: 965 | B966: OD-24-F0003484 | C966: SYAMSUN YUSUF | D966: BP 4684 AC | E966: C0 | F966: 13.CALL CENTER | G966: A | H966: 19 | I966: MH3SE88H0KJ080283 | J966: E3R2E2381977 | K966: YAMAHA | L966: MIO 125 | M966: KUNING | N966: JG | O966: DONE | P966: 9 | Q966: 18
A967: 966 | B967: OD-24-F0003507 | C967: ADUN APRIANCAH | D967: BP 2345 EP | E967: C0 | F967: 08.JOSRI | G967: A | H967: 23 | I967: MH1JM0212NK851222 | J967: JM02E1851115 | K967: HONDA | L967: SCOOPY | M967: PUTIH | N967: JG | O967: DONE | P967: 9 | Q967: 12
A968: 967 | B968: OD-24-F0003533 | C968: ILHAM FEBRIAN | D968: BP 3478 RU | E968: C0 | F968: 09.OLOAN | G968: A | H968: 24 | I968: MH1JM2128KK566266 | J968: JM21E2541893 | K968: HONDA | L968: BEAT | M968: HITAM | N968: JG | O968: DONE | P968: 9 | Q968: 18
A969: 968 | B969: OD-24-F0003560 | C969: SUPRIYANTO | D969: BP 4348 CI | E969: C0 | F969: 04.RIZKI A | G969: A | H969: 1 | I969: MH1JM0419RK805941 | J969: JM04E1805953 | K969: HONDA | L969: SCOOPY | M969: HIJAU | N969: JG | O969: DONE | P969: 8 | Q969: 18
A970: 969 | B970: OD-24-F0001749 | C970: ERWIN ARITONANG | D970: BP 3975 HU | E970: C0 | F970: 03.ALJABAR | G970: A | H970: 1 | I970: MH1JM111XJK943809 | J970: JM11E1926110 | K970: HONDA | L970: BEAT | M970: MERAH PUTIH | N970: JG | O970: DONE | P970: 14 | Q970: 24
A971: 970 | B971: OD-24-F0001789 | C971: YONI BAKRI | D971: BP 3352 OR | E971: C0 | F971: 11.RIMPUN | G971: A | H971: 1 | I971: MH1KC8219HK138134 | J971: KC82E1135404 | K971: HONDA | L971: CB 150 R | M971: HITAM-MERAH | N971: JG | O971: DONE | P971: 14 | Q971: 18
A972: 971 | B972: OD-24-F0001812 | C972: JULIUS | D972: BP 5291 FB | E972: C0 | F972: 13.CALL CENTER | G972: A | H972: 3 | I972: MH33C1002AK328528 | J972: 3C1329474 | K972: YAMAHA | L972: VIXION | M972: HITAM | N972: JG | O972: DONE | P972: 14 | Q972: 18
... A1470: 1469 | B1470: OD-25-F0000483 | C1470: WASI PEBRIANI | D1470: BP 3221 AF | E1470: C0 | F1470: 06.ROBEN | G1470: STPL | H1470: 15 | I1470: MH1JFZ13XKK149243 | J1470: JFZ1E3148876 | K1470: HONDA | L1470: BEAT | M1470: HITAM | N1470: JG | O1470: GAGAL BAYAR | P1470: 7 | Q1470: 24
A1471: 1470 | B1471: OD-25-F0000492 | C1471: AULIA RAHMAN | D1471: BP 2136 FK | E1471: C0 | F1471: 04.RIZKI A | H1471: 17 | I1471: MH1JF5117BK712434 | J1471: JF51E1707279 | K1471: HONDA | L1471: BEAT | M1471: PUTIH | N1471: JG | O1471: DONE | P1471: 7 | Q1471: 18
A1472: 1471 | B1472: OD-25-F0000505 | C1472: WAHYUDI | D1472: BP 3235 QR | E1472: C0 | F1472: 08.JOSRI | H1472: 17 | I1472: MH1JM1112HK221874 | J1472: JM11E1203084 | K1472: HONDA | L1472: BEAT | M1472: MAGENTA HITAM | N1472: JG | O1472: DONE | P1472: 7 | Q1472: 24
A1473: 1472 | B1473: OD-25-F0000521 | C1473: NUR ANNISA | D1473: BP 2871 RO | E1473: C0 | F1473: 06.ROBEN | H1473: 20 | I1473: MH1KCB115NK028224 | J1473: KCB1E1028294 | K1473: HONDA | L1473: CBR 150 | M1473: HITAM | N1473: JG | O1473: DONE | P1473: 7 | Q1473: 12
A1474: 1473 | B1474: OD-25-F0000528 | C1474: DARIMI TANJUNG | D1474: BP 2441 AH | E1474: C0 | F1474: 05.BOSPA | H1474: 21 | I1474: MH1JM3125KK602338 | J1474: JM31E2596401 | K1474: HONDA | L1474: SCOOPY | M1474: HITAM SILVER | N1474: JG | O1474: DONE | P1474: 7 | Q1474: 18
A1475: 1474 | B1475: OD-24-F0003090 | C1475: YUSRIL | D1475: BP 2509 IC | E1475: C0 | F1475: 13.CALL CENTER | H1475: 6 | I1475: MH1JFZ122HK035267 | J1475: JFZ1E2045683 | K1475: HONDA | L1475: BEAT | M1475: HITAM | N1475: JG | O1475: DONE | P1475: 10 | Q1475: 24
A1476: 1475 | B1476: OD-24-F0003103 | C1476: SRI HANDAYANI | D1476: BP 5979 HR | E1476: C0 | F1476: 05.BOSPA | H1476: 9 | I1476: MH1JM0423RK186343 | J1476: JM04E2186062 | K1476: HONDA | L1476: SCOOPY | M1476: PUTIH | N1476: JG | O1476: DONE | P1476: 10 | Q1476: 24
A1477: 1476 | B1477: OD-24-F0003108 | C1477: WILSON EKSTANSIL MOND LATURE | D1477: BP 5271 AE | E1477: C0 | F1477: 10.MIDUK | H1477: 8 | I1477: MH3RG4710KK114703 | J1477: G3J6E0212036 | K1477: YAMAHA | L1477: R15 | M1477: HITAM | N1477: JG | O1477: DONE | P1477: 10 | Q1477: 12
A1478: 1477 | B1478: OD-24-F0003110 | C1478: MISTINATUL FARIDA | D1478: BP 3229 O | E1478: C0 | F1478: 14.PHANTOM | H1478: 8 | I1478: MH1JM5119MK811815 | J1478: JM51E1811330 | K1478: HONDA | L1478: VARIO | M1478: HITAM | N1478: JG | O1478: DONE | P1478: 10 | Q1478: 18
A1479: 1478 | B1479: OD-24-F0003111 | C1479: NOFRIANTI I.G | D1479: BP 2526 QH | E1479: C0 | F1479: 13.CALL CENTER | H1479: 8 | I1479: MH1JFP123GK519306 | J1479: JFP1E2529007 | K1479: HONDA | L1479: BEAT | M1479: PUTIH BIRU | N1479: JG | O1479: DONE | P1479: 10 | Q1479: 18
A1480: 1479 | B1480: OD-24-F0003112 | C1480: JULKARNAIN | D1480: BP 2933 QM | E1480: C0 | F1480: 08.JOSRI | H1480: 8 | I1480: MH1JM2110GK079240 | J1480: JM21E1084662 | K1480: HONDA | L1480: BEAT | M1480: MERAH-PUTIH | N1480: JG | O1480: DONE | P1480: 10 | Q1480: 24
A1481: 1480 | B1481: OD-24-F0003119 | C1481: HENDRIK LAHTANG | D1481: BP 2536 UF | E1481: C0 | F1481: 07.RINTO | H1481: 11 | I1481: MH1JFZ218KK768517 | J1481: JFZ2E1767395 | K1481: HONDA | L1481: BEAT STREET | M1481: SILVER | N1481: JG | O1481: DONE | P1481: 10 | Q1481: 18
A1482: 1481 | B1482: OD-24-F0003131 | C1482: TUTIK YULIANA | D1482: BP 4682 QD | E1482: C0 | F1482: 13.CALL CENTER | H1482: 11 | I1482: MH3SE8860GJ049283 | J1482: E3R2E1209245 | K1482: YAMAHA | L1482: MIO 125 | M1482: MERAH | N1482: JG | O1482: DONE | P1482: 10 | Q1482: 18
... A1541: 1540 | B1541: OD-24-F0003099 | C1541: ISMAIL | D1541: BP 6273 HF | E1541: C0 | F1541: 13.CALL CENTER | H1541: 7 | I1541: MH8DL23ANJJ140308 | J1541: CGA2ID141413 | K1541: SUZUKI | L1541: GSX | M1541: PUTIH | N1541: JG | O1541: DONE | P1541: 10 | Q1541: 18
A1542: 1541 | B1542: OD-24-F0003107 | C1542: YOGA PRANCISKO | D1542: BP 3813 RF | E1542: C0 | F1542: 03.ALJABAR | G1542: D | H1542: 9 | I1542: MH1JM9122NK019135 | J1542: JM91E2018787 | K1542: HONDA | L1542: BEAT | M1542: SILVER | N1542: JG | O1542: GAGAL BAYAR | P1542: 10 | Q1542: 18
A1543: 1542 | B1543: OD-24-F0003128 | C1543: AZWAT AZHARI | D1543: BP 4493 AI | E1543: C0 | F1543: 11.RIMPUN | H1543: 12 | I1543: MH3RG4710MK152532 | J1543: G3J6E0315746 | K1543: YAMAHA | L1543: R15 | M1543: HITAM | N1543: JG | O1543: DONE | P1543: 10 | Q1543: 24
A1544: 1543 | B1544: OD-24-F0003129 | C1544: KOMARUDIN | D1544: BP 4659 OJ | E1544: C0 | F1544: 06.ROBEN | G1544: D | H1544: 12 | I1544: MH32PK002GK095775 | J1544: 2PK095934 | K1544: YAMAHA | L1544: R15 | M1544: HITAM | N1544: JG | O1544: TARIKAN | P1544: 10 | Q1544: 24
A1545: 1544 | B1545: SP-24-F0000241 | C1545: SUPARNO | D1545: BP 5130 QD | E1545: C0 | F1545: 10.MIDUK | H1545: 1 | I1545: MH3SE8860GJ032619 | J1545: E3R2E1162260 | K1545: YAMAHA | L1545: MIO M3 | M1545: BIRU | N1545: JG | O1545: GAGAL BAYAR | P1545: 19 | Q1545: 24
A1546: 1545 | B1546: SP-24-F0000371 | C1546: RAHMAT SIDIK A.T.P | D1546: BP 2344 AP | E1546: C0 | F1546: 04.RIZKI A | H1546: 23 | I1546: MH1JM812XPK394851 | J1546: JM81E2396867 | K1546: HONDA | L1546: BEAT | M1546: HITAM | N1546: JG | O1546: GAGAL BAYAR | P1546: 19 | Q1546: 24
A1547: 1546 | B1547: SP-24-F0000664 | C1547: RAHMAT SUBUR | D1547: BP 5453 QA | E1547: C0 | F1547: 10.MIDUK | H1547: 4 | I1547: MH3SG3120GK141624 | J1547: G3E4E0216105 | K1547: YAMAHA | L1547: N MAX | M1547: PUTIH | N1547: JG | O1547: DONE | P1547: 17 | Q1547: 24
A1548: 1547 | B1548: SP-24-F0000677 | C1548: HERI TRIANSYAH | D1548: BP 2060 AH | E1548: C0 | F1548: 05.BOSPA | H1548: 5 | I1548: MH1JM2122KK434376 | J1548: JM21E2411724 | K1548: HONDA | L1548: BEAT | M1548: MERAH PUTIH | N1548: JG | O1548: LUNAS | P1548: 17 | Q1548: 18
A1549: 1548 | B1549: OD-24-F0003352 | C1549: ANWAR JANISAR | D1549: BP 3265 AQ | E1549: C0 | F1549: 04.RIZKI A | G1549: A | H1549: 5 | I1549: MH1JBK315JK229837 | J1549: JBK3E1228227 | K1549: HONDA | L1549: REVO X | M1549: PUTIH | N1549: JG | O1549: DONE | P1549: 9 | Q1549: 12
A1550: 1549 | B1550: OD-24-F0003405 | C1550: KARLAN | D1550: BP 5683 AO | E1550: C0 | F1550: 13.CALL CENTER | G1550: A | H1550: 13 | I1550: MH3UG0750PK149873 | J1550: G3E6E0690115 | K1550: YAMAHA | L1550: MX KING | M1550: BIRU | N1550: JG | O1550: DONE | P1550: 9 | Q1550: 24
A1551: 1550 | B1551: OD-24-F0003473 | C1551: IQBAL RAMADHAN | D1551: BP 4402 OF | E1551: C0 | F1551: 09.OLOAN | G1551: A | H1551: 18 | I1551: MH3SE9010FJ030660 | J1551: E3R4E0030661 | K1551: YAMAHA | L1551: SOUL GT | M1551: ABU-ABU | N1551: JG | O1551: DONE | P1551: 9 | Q1551: 12
A1552: 1551 | B1552: OD-24-F0003485 | C1552: MHD CANDRA RIFANDI | D1552: BP 3857 CO | E1552: C0 | F1552: 13.CALL CENTER | G1552: A | H1552: 19 | I1552: MH1JM0312NK029731 | J1552: JM03E1029823 | K1552: HONDA | L1552: SCOOPY | M1552: HITAM-MERAH | N1552: JG | O1552: DONE | P1552: 9 | Q1552: 18
A1553: 1552 | B1553: SP-24-F0000778 | C1553: RAHMAT PUTRA | D1553: BP 4258 IR | E1553: C0 | F1553: 03.ALJABAR | G1553: A | H1553: 20 | I1553: MH31PA004EK636501 | J1553: 1PA634433 | K1553: YAMAHA | L1553: VIXION | M1553: UNGU | N1553: JG | O1553: GAGAL BAYAR | P1553: 17 | Q1553: 18
A1554: 1553 | B1554: SP-24-F0000840 | C1554: RAYHAN ALI WARDANA | D1554: BP 3065 UD | E1554: C0 | F1554: 03.ALJABAR | G1554: B | H1554: 1 | I1554: MH1JM3130KK093588 | J1554: JM31E3089057 | K1554: HONDA | L1554: SCOOPY | M1554: PUTIH MERAH | N1554: JG | O1554: DONE | P1554: 16 | Q1554: 24
A1555: 1554 | B1555: SP-24-F0000876 | C1555: MUHAMMAD FIRMANSYAH | D1555: BP 3368 RF | E1555: C0 | F1555: 08.JOSRI | G1555: D | H1555: 5 | I1555: MH1JM7116MK200099 | J1555: JM71E1199969 | K1555: HONDA | L1555: GENIO | M1555: HITAM | N1555: JG | O1555: DONE | P1555: 16 | Q1555: 18
A1556: 1555 | B1556: SP-24-F0000896 | C1556: KANISIUS DAMAN | D1556: BP 2874 QG | E1556: C0 | F1556: 10.MIDUK | G1556: A | H1556: 6 | I1556: MH1JFP214GK295243 | J1556: JFP2E1294936 | K1556: HONDA | L1556: BEAT | M1556: MERAH | N1556: JG | O1556: DONE | P1556: 16 | Q1556: 24
A1557: 1556 | B1557: OD-25-F0000345 | C1557: ANDRE GUSTI YULIANDA | D1557: BP 2361 PG | E1557: C0 | F1557: 10.MIDUK | G1557: A | H1557: 6 | I1557: MH1KD1115LK115383 | J1557: KD11E1114679 | K1557: HONDA | L1557: CRF 150 | M1557: HITAM | N1557: JG | O1557: DONE | P1557: 7 | Q1557: 18
A1558: 1557 | B1558: OD-25-F0000426 | C1558: AGUSTINA | D1558: BP 2125 CG | E1558: C0 | F1558: 13.CALL CENTER | G1558: A | H1558: 12 | I1558: MH1JFP117FK430652 | J1558: JFP1E1448221 | K1558: HONDA | L1558: BEAT | M1558: PUTIH MERAH | N1558: JG | O1558: DONE | P1558: 7 | Q1558: 12
A1559: 1558 | B1559: OD-25-F0000454 | C1559: MAULANA HATTA | D1559: BP 4058 CO | E1559: C0 | F1559: 06.ROBEN | G1559: D | H1559: 13 | I1559: MH1KB111XRK346472 | J1559: KB11E1345951 | K1559: HONDA | L1559: SONIC | M1559: HITAM | N1559: JG | O1559: DONE | P1559: 7 | Q1559: 18
A1560: 1559 | B1560: OD-25-F0000464 | C1560: SAMUEL GERSON K.SIAHAAN | D1560: BP 2144 IH | E1560: C0 | F1560: 12.JUBRAIDER S | G1560: A | H1560: 13 | I1560: MH1KC4119DK012862 | J1560: KC41E1013074 | K1560: HONDA | L1560: CB 150 R | M1560: HITAM | N1560: JG | O1560: DONE | P1560: 7 | Q1560: 12
... A4874: 4873 | B4874: TP-24-F0000386 | C4874: SAPRIZAL | D4874: BP 5891 WR | E4874: C0 | F4874: 01.GUNTUR | G4874: A | H4874: 19 | I4874: MH3SE8860HJ091362 | J4874: E3R2E1332300 | K4874: YAMAHA | L4874: MIO M3 | M4874: MERAH | N4874: JG | O4874: DONE | P4874: 14 | Q4874: 18
A4875: 4874 | B4875: TP-24-F0000414 | C4875: AGUS PRATAMA | D4875: BP 3257 OW | E4875: C0 | F4875: 02.REY | G4875: A | H4875: 1 | I4875: MH1KF4117KK643419 | J4875: KF41E1643843 | K4875: HONDA | L4875: VARIO KEYLESS | M4875: BIRU | N4875: JG | O4875: DONE | Q4875: 24
A4876: 4875 | B4876: TP-24-F0000482 | C4876: HARYADI | D4876: BP 4511 BU | E4876: C0 | F4876: 13.CALL CENTER | G4876: A | H4876: 24 | I4876: MH3SG5620LJ028782 | J4876: G3L8E0028956 | K4876: YAMAHA | L4876: NMAX 155 | M4876: HITAM | N4876: JG | O4876: DONE | P4876: 13 | Q4876: 24
A4877: 4876 | B4877: TP-24-F0000491 | C4877: SUHAIRIA | D4877: BP 3619 BU | E4877: C0 | F4877: 02.REY | G4877: A | H4877: 1 | I4877: MH1JM3129KK628327 | J4877: JM31E2623551 | K4877: HONDA | L4877: SCOOPY | M4877: MERAH - HITAM | N4877: JG | O4877: DONE | P4877: 12 | Q4877: 24
A4878: 4877 | B4878: TP-25-F0000071 | C4878: MARFUDIN ISRADY | D4878: BP 5461 BU | E4878: C0 | F4878: 01.GUNTUR | G4878: A | H4878: 22 | I4878: MH3SG5670MJ015031 | J4878: G3L8E0403766 | K4878: YAMAHA | L4878: NMAX | M4878: MERAH | N4878: JG | O4878: TARIKAN | P4878: 8 | Q4878: 24
A4879: 4878 | B4879: TP-25-F0000099 | C4879: INELAWATI | D4879: BP 3228 FW | E4879: C0 | F4879: 01.GUNTUR | G4879: A | H4879: 1 | I4879: MH1JM3110HK469472 | J4879: JM31E1475135 | K4879: HONDA | L4879: SCOOPY | M4879: HITAM SILVER | N4879: JG | O4879: DONE | P4879: 7 | Q4879: 18
A4880: 4879 | B4880: TP-25-F0000121 | C4880: JULKARMIN SIMANULLANG | D4880: BP 2907 MT | E4880: C0 | F4880: 02.REY | G4880: A | H4880: 6 | I4880: MH1JFP11XFK713028 | J4880: JFP1E1701660 | K4880: HONDA | L4880: BEAT | M4880: PUTIH - MERAH | N4880: JG | O4880: DONE | P4880: 7 | Q4880: 30
A4881: 4880 | B4881: TP-25-F0000125 | C4881: SITI SALBIAH | D4881: BP 3166 RB | E4881: C0 | F4881: 01.GUNTUR | G4881: A | H4881: 7 | I4881: MH1JM0214MK336284 | J4881: JM02E1334757 | K4881: HONDA | L4881: SCOOPY | M4881: PUTIH | N4881: JG | O4881: DONE | P4881: 7 | Q4881: 24
A4882: 4881 | B4882: TP-24-F0000500 | C4882: JULI HANDAYANI BORU S | D4882: BP 3886 BU | E4882: C0 | F4882: 01.GUNTUR | G4882: A | H4882: 3 | I4882: MH1JM212XKK431354 | J4882: JM21E2408740 | K4882: HONDA | L4882: BEAT | M4882: BIRU - PUTIH | N4882: JG | O4882: DONE | P4882: 12 | Q4882: 36
A4883: 4882 | B4883: TP-24-F0000507 | C4883: RINDIANI | D4883: BP 3408 PP | E4883: C0 | F4883: 02.REY | G4883: D | H4883: 5 | I4883: MH1JM8127NK108998 | J4883: JM81E2110576 | K4883: HONDA | L4883: BEAT | M4883: HITAM | N4883: JG | O4883: DONE | P4883: 12 | Q4883: 18
A4884: 4883 | B4884: TP-24-F0000524 | C4884: SAINI | D4884: BP 3043 CP | E4884: C0 | F4884: 01.GUNTUR | G4884: A | H4884: 10 | I4884: MH1JM9135PK288709 | J4884: JM91E3283686 | K4884: HONDA | L4884: BEAT | M4884: HITAM | N4884: JG | O4884: DONE | P4884: 12 | Q4884: 24
A4885: 4884 | B4885: TP-24-F0000585 | C4885: CHRISTIN NATALIA | D4885: BP 2541 QB | E4885: C0 | F4885: 01.GUNTUR | G4885: A | H4885: 1 | I4885: MH1JFV119HK625322 | J4885: JFV1E1631764 | K4885: HONDA | L4885: VARIO 125 | M4885: MERAH | N4885: JG | O4885: LUNAS | P4885: 11 | Q4885: 12
A4886: 4885 | B4886: TP-24-F0000590 | C4886: OKTAVIYANI NILAM SARI | D4886: BP 5868 BU | E4886: C0 | F4886: 01.GUNTUR | G4886: A | H4886: 2 | I4886: MH3SG6420NJ036195 | J4886: G3P4E0073777 | K4886: YAMAHA | L4886: AEROX KEYLES | M4886: PERAK | N4886: JG | O4886: DONE | P4886: 11 | Q4886: 18
A4887: 4886 | B4887: TP-24-F0000597 | C4887: EFA SIRIANI | D4887: BP 3526 OT | E4887: C0 | F4887: 02.REY | G4887: A | H4887: 4 | I4887: MH1KF1117GK664194 | J4887: KF11E1663308 | K4887: HONDA | L4887: VARIO | M4887: BIRU | N4887: JG | O4887: DONE | P4887: 11 | Q4887: 18
... A5164: 5163 | B5164: OD-25-F0000729 | C5164: RANGGA LAWI | D5164: BP 6922 AU | E5164: New C1 | F5164: MARTIN | G5164: STPL | H5164: 13 | I5164: MH1JMG112RK035045 | J5164: JMG1E1035156 | K5164: HONDA | L5164: BEAT STREET | M5164: COKLAT | N5164: JG | O5164: GAGAL BAYAR | P5164: 5 | Q5164: 18
A5165: 5164 | B5165: SP-24-F0001993 | C5165: PURBANANTA PURBA | D5165: BP 5903 GP | E5165: C1 | F5165: EVENDI | H5165: 20 | I5165: MH32SV001EK109119 | J5165: 2SV109153 | K5165: YAMAHA | L5165: XEON | M5165: PUTIH | N5165: JG | O5165: PARTIAL | P5165: 11 | Q5165: 12
A5166: 5165 | B5166: OD-25-F0000702 | C5166: IRWAN DAKHI | D5166: BP 2301 IR | E5166: New C1 | F5166: DOKA | H5166: 12 | I5166: MH1KB1118HK137729 | J5166: KB11E1137179 | K5166: HONDA | L5166: SONIC | M5166: HITAM | N5166: JG | O5166: PARTIAL | P5166: 5 | Q5166: 12
A5167: 5166 | B5167: SP-25-F0000826 | C5167: PRIA GUNAWAN | D5167: BP 2212 QU | E5167: New C1 | F5167: MARTIN | H5167: 12 | I5167: MH1JM9110LK071514 | J5167: JM91E1073943 | K5167: HONDA | L5167: BEAT | M5167: MAGENTA HITAM | N5167: JG | O5167: PARTIAL | P5167: 4 | Q5167: 18
A5168: 5167 | B5168: OD-25-F0000788 | C5168: ASYURAH | D5168: BP 5202 GU | E5168: New C1 | F5168: TALENTA S | H5168: 21 | I5168: MH1JM8228RK121750 | J5168: JM82E2122557 | K5168: HONDA | L5168: BEAT STREET | M5168: HITAM | N5168: JG | O5168: PARTIAL | P5168: 5 | Q5168: 18
A5169: 5168 | B5169: OD-25-F0001047 | C5169: RUDY HARYONO | D5169: BP 5072 CH | E5169: New C1 | F5169: MARTIN | H5169: 10 | I5169: MH355S005EK144302 | J5169: 55S144280 | K5169: YAMAHA | L5169: JUPITER MX 135 CC | M5169: HITAM | N5169: JG | O5169: PARTIAL | P5169: 3 | Q5169: 6
A5170: 5169 | B5170: SP-24-F0002267 | C5170: BOY CHRISTIAN PAKPAHAN | D5170: BP 3514 UI | E5170: C1 | F5170: DOKA | H5170: 24 | I5170: MH1JM0111MK354257 | J5170: JM01E1353278 | K5170: HONDA | L5170: SCOOPY | M5170: KREM-COKLAT | N5170: JG | O5170: GAGAL BAYAR | P5170: 10 | Q5170: 12
A5171: 5170 | B5171: SP-24-F0002427 | C5171: BINHARUN SIREGAR | D5171: BP 3887 JU | E5171: C1 | F5171: TALENTA S | H5171: 17 | I5171: MH1JM7110LK101793 | J5171: JM71E1100100 | K5171: HONDA | L5171: GENIO | M5171: HITAM | N5171: JG | O5171: PARTIAL | P5171: 9 | Q5171: 18
A5172: 5171 | B5172: SP-23-F0001942 | C5172: BUHAL SIAHAAN | D5172: BP 5578 AI | E5172: C1 | F5172: TALENTA S | H5172: 25 | I5172: MH3SE88H0MJ279119 | J5172: E3R2E2928156 | K5172: YAMAHA | L5172: MIO M3 | M5172: MERAH | N5172: JG | O5172: PARTIAL | P5172: 21 | Q5172: 24
A5173: 5172 | B5173: SP-24-F0002695 | C5173: SITI ZULAEKAH | D5173: BP 3440 G | E5173: New C1 | F5173: EVENDI | G5173: STPL | H5173: 14 | I5173: MH1JM8120PK447413 | J5173: JM81E2449536 | K5173: HONDA | L5173: BEAT FI | M5173: MERAH HITAM | N5173: JG | O5173: GAGAL BAYAR | P5173: 8 | Q5173: 12
A5174: 5173 | B5174: TP-24-F0000035 | C5174: WAWAN KURNIAWAN | D5174: BP 2787 GB | E5174: C1 | F5174: SATRIA | G5174: A | H5174: 1 | I5174: MH1JFW117FK147971 | J5174: JFW1E1151766 | K5174: HONDA | L5174: SCOOPY | M5174: MERAH PUTIH | N5174: JG | O5174: DONE | P5174: 18 | Q5174: 24
...
